Coffee Date,Coffee Price,coffee comm. Net_Position,cocoa comm. Net_Position,sugar comm. Net_Position,Coffee Vol.,Coffee Price Change%,Coffee Price Change% shifted,Coffee Price shifted
2007-09-09,118.04999999999998,-14411,-18245,48889,0.07K,3.78%,0.0098,113.75
2007-09-16,129.9,-24316,-20689,49606,55.66K,10.04%,0.0378,118.04999999999998
2007-09-23,128.65,-33116,-34086,-1325,55.17K,-0.96%,0.10039999999999999,129.9
2007-09-30,137.0,-37300,-40303,-4401,65.40K,6.49%,-0.0096,128.65
2007-10-07,139.3,-39887,-34276,-4319,67.35K,1.68%,0.0649,137.0
2007-10-14,125.0,-45642,-31260,-9547,79.18K,-10.27%,0.0168,139.3
2007-10-21,121.45000000000002,-44121,-29791,-17284,56.65K,-2.84%,-0.1027,125.0
2007-10-28,118.9,-38746,-32376,-27739,50.92K,-2.10%,-0.028399999999999998,121.45000000000002
2007-11-04,121.75,-35516,-39737,-24204,47.51K,2.40%,-0.021,118.9
2007-11-11,124.9,-35629,-38411,-1949,54.37K,2.59%,0.024,121.75
2007-11-18,123.44999999999999,-36289,-40855,14135,12.18K,-1.16%,0.0259,124.9
2007-11-25,125.95,-34295,-40467,34439,1.44K,2.03%,-0.0116,123.44999999999999
2007-12-02,127.75000000000001,-37592,-43258,18145,0.41K,1.43%,0.0203,125.95
2007-12-09,130.75,-38891,-45669,-23177,0.17K,2.35%,0.0143,127.75000000000001
2007-12-16,134.2,-40288,-49090,-57063,14.81K,2.64%,0.0235,130.75
2008-01-06,136.3,-40839,-54098,-107549,60.09K,2.71%,0.0264,134.2
2008-01-13,133.1,-39251,-58827,-110889,61.74K,-2.35%,0.0271,136.3
2008-01-20,131.45,-38557,-53023,-94043,52.31K,-1.24%,-0.0235,133.1
2008-01-27,139.1,-38023,-52931,-92665,70.29K,5.82%,-0.0124,131.45
2008-02-03,147.2,-50335,-57334,-102864,89.89K,5.82%,0.0582,139.1
2008-02-10,149.85,-56205,-56145,-127695,89.35K,1.80%,0.0582,147.2
2008-02-17,160.15,-55817,-54415,-137098,26.92K,6.87%,0.018000000000000002,149.85
2008-02-24,164.6,-54523,-48549,-142343,2.00K,2.78%,0.0687,160.15
2008-03-02,148.75,-53300,-45610,-139453,0.74K,-9.63%,0.0278,164.6
2008-03-09,150.05,-46458,-43161,-118522,0.19K,0.87%,-0.09630000000000001,148.75
2008-03-16,130.9,-33941,-36673,-93006,42.33K,-12.76%,0.0087,150.05
2008-03-23,130.4,-28145,-28619,-99742,49.73K,-0.38%,-0.1276,130.9
2008-03-30,131.9,-23511,-25336,-83871,63.61K,1.15%,-0.0038,130.4
2008-04-06,130.85,-22358,-26945,-83496,86.46K,-0.80%,0.0115,131.9
2008-04-13,135.25,-22141,-31234,-89805,49.77K,3.36%,-0.008,130.85
2008-04-20,130.45,-22716,-29573,-90727,17.59K,-3.55%,0.0336,135.25
2008-04-27,128.55,-19252,-30219,-88754,1.74K,-1.46%,-0.0355,130.45
2008-05-04,136.0,-15418,-26709,-70418,0.75K,5.80%,-0.0146,128.55
2008-05-11,138.0,-18250,-23576,-65282,0.32K,1.47%,0.057999999999999996,136.0
2008-05-18,134.0,-18024,-20010,-58069,58.64K,-2.90%,0.0147,138.0
2008-05-25,133.9,-14656,-17797,-46278,43.07K,-0.07%,-0.028999999999999998,134.0
2008-06-01,135.85,-14258,-21603,-27568,82.01K,1.46%,-0.0007000000000000001,133.9
2008-06-08,134.4,-14097,-25075,-38967,85.34K,-1.07%,0.0146,135.85
2008-06-15,143.95,-18157,-27894,-59020,79.15K,7.11%,-0.010700000000000001,134.4
2008-06-22,150.15,-23022,-30004,-70526,1.67K,4.31%,0.0711,143.95
2008-06-29,149.55,-28163,-33477,-81123,0.31K,-0.40%,0.0431,150.15
2008-07-06,140.05,-25509,-26691,-89800,0.21K,-6.35%,-0.004,149.55
2008-07-13,135.65,-22721,-21171,-81474,0.16K,-3.14%,-0.0635,140.05
2008-07-20,137.3,-20450,-19083,-58791,35.89K,1.22%,-0.031400000000000004,135.65
2008-07-27,140.15,-14091,-13861,-52939,48.28K,2.08%,0.012199999999999999,137.3
2008-08-03,135.8,-16061,-13433,-73889,92.81K,-3.10%,0.0208,140.15
2008-08-10,132.85,-11839,-12726,-83222,81.63K,-2.17%,-0.031,135.8
2008-08-17,140.25,-6054,-7008,-80142,33.87K,5.57%,-0.0217,132.85
2008-08-24,141.9,-12897,-7394,-99604,1.00K,1.18%,0.0557,140.25
2008-08-31,138.85,-17593,-7520,-70843,0.25K,-2.15%,0.0118,141.9
2008-09-07,135.1,-13179,-5703,-56960,0.11K,-2.70%,-0.0215,138.85
2008-09-14,133.1,-1454,-5163,-44525,10.39K,-1.48%,-0.027000000000000003,135.1
2008-09-21,134.15,1434,-5800,-46084,60.23K,0.79%,-0.0148,133.1
2008-09-28,122.05,3406,-7936,-43005,67.58K,-9.02%,0.0079,134.15
2008-10-05,115.35,17017,-4235,-11413,75.00K,-5.49%,-0.0902,122.05
2008-10-12,115.6,16382,-3871,-9232,46.58K,0.22%,-0.054900000000000004,115.35
2008-10-19,108.65,17249,-3626,-5735,40.68K,-6.01%,0.0022,115.6
2008-10-26,112.99999999999999,16395,-5355,-5831,48.80K,4.00%,-0.0601,108.65
2008-11-02,112.1,13349,-6392,-30800,58.72K,-0.80%,0.04,112.99999999999999
2008-11-09,110.94999999999999,15022,-5947,-19126,73.63K,-1.03%,-0.008,112.1
2008-11-16,108.95000000000002,14343,-8574,-18265,26.94K,-1.80%,-0.0103,110.94999999999999
2008-11-23,114.1,13704,-9114,-25255,0.52K,4.73%,-0.018000000000000002,108.95000000000002
2008-11-30,101.6,15244,-9124,-29812,0.28K,-10.96%,0.0473,114.1
2008-12-07,109.85000000000001,18016,-8858,-2732,0.08K,8.12%,-0.1096,101.6
2008-12-14,110.94999999999999,15471,-12180,-15755,4.81K,1.00%,0.0812,109.85000000000001
2008-12-28,110.9,17876,-16912,-3663,19.73K,2.31%,0.01,110.94999999999999
2009-01-04,116.9,11498,-17253,-25477,70.59K,5.41%,0.0231,110.9
2009-01-11,115.8,4203,-17663,-29210,40.07K,-0.94%,0.0541,116.9
2009-01-18,119.65,1217,-14617,-46607,46.24K,3.32%,-0.009399999999999999,115.8
2009-01-25,118.9,-5508,-16776,-58007,42.38K,-0.63%,0.0332,119.65
2009-02-01,119.55,-5962,-18917,-59553,64.19K,0.55%,-0.0063,118.9
2009-02-08,112.35,-5973,-21719,-78115,82.57K,-6.02%,0.0055000000000000005,119.55
2009-02-15,108.89999999999999,-590,-20413,-82412,24.25K,-3.07%,-0.0602,112.35
2009-02-22,109.45,635,-17782,-75974,0.28K,0.51%,-0.030699999999999998,108.89999999999999
2009-03-01,105.3,7284,-16017,-66037,0.12K,-3.79%,0.0051,109.45
2009-03-08,108.3,7722,-16767,-58250,0.03K,2.85%,-0.0379,105.3
2009-03-15,116.19999999999999,3787,-18840,-71726,11.26K,7.29%,0.0285,108.3
2009-03-22,115.84999999999998,-2467,-17789,-90326,40.14K,-0.30%,0.0729,116.19999999999999
2009-03-29,118.40000000000002,-5238,-20218,-68368,49.29K,2.20%,-0.003,115.84999999999998
2009-04-05,119.30000000000001,-8003,-22863,-46433,41.90K,0.76%,0.022000000000000002,118.40000000000002
2009-04-12,111.85000000000001,-5863,-21887,-64947,57.19K,-6.24%,0.0076,119.30000000000001
2009-04-19,119.0,-2515,-17046,-62735,18.89K,6.39%,-0.062400000000000004,111.85000000000001
2009-04-26,119.85,-4008,-16453,-79131,0.65K,0.71%,0.0639,119.0
2009-05-03,125.70000000000002,-10930,-13754,-113098,0.07K,4.88%,0.0070999999999999995,119.85
2009-05-10,127.55000000000001,-17320,-11808,-125945,0.14K,1.47%,0.048799999999999996,125.70000000000002
2009-05-17,135.0,-21897,-10212,-128072,37.69K,5.84%,0.0147,127.55000000000001
2009-05-24,137.4,-26456,-7694,-141634,38.38K,1.78%,0.0584,135.0
2009-05-31,133.85,-32023,-9964,-122121,53.09K,-2.58%,0.0178,137.4
2009-06-07,129.55,-29389,-16050,-112558,65.04K,-3.21%,-0.0258,133.85
2009-06-14,116.7,-16563,-19327,-89919,50.42K,-9.92%,-0.0321,129.55
2009-06-21,116.75,-9189,-16611,-101947,1.17K,0.04%,-0.0992,116.7
2009-06-28,115.05000000000001,-5581,-14114,-122172,0.10K,-1.46%,0.0004,116.75
2009-07-05,112.3,-2798,-13828,-117942,0.07K,-2.39%,-0.0146,115.05000000000001
2009-07-12,116.25000000000001,1873,-12544,-112277,0.05K,3.52%,-0.0239,112.3
2009-07-19,123.95,48,-14929,-117705,29.48K,6.62%,0.0352,116.25000000000001
2009-07-26,127.85,-962,-18849,-134130,43.64K,3.15%,0.0662,123.95
2009-08-02,137.9,-9348,-19870,-141582,56.29K,7.86%,0.0315,127.85
2009-08-09,128.95,-17206,-17550,-111607,62.72K,-6.49%,0.0786,137.9
2009-08-16,123.70000000000002,-17432,-17320,-115628,32.81K,-4.07%,-0.0649,128.95
2009-08-23,121.09999999999998,-9192,-18450,-109230,0.98K,-2.10%,-0.0407,123.70000000000002
2009-08-30,122.85,-2571,-17770,-106761,0.08K,1.45%,-0.021,121.09999999999998
2009-09-06,125.29999999999998,-426,-18645,-89522,0.04K,1.99%,0.014499999999999999,122.85
2009-09-13,134.8,-5895,-19818,-89317,0.07K,7.58%,0.0199,125.29999999999998
2009-09-20,127.70000000000002,-14930,-19199,-101291,48.88K,-5.27%,0.0758,134.8
2009-09-27,129.7,-13044,-19876,-120664,38.83K,1.57%,-0.0527,127.70000000000002
2009-10-04,135.65,-12929,-20100,-115281,48.51K,4.59%,0.015700000000000002,129.7
2009-10-11,142.85,-20467,-20272,-88890,50.46K,5.31%,0.045899999999999996,135.65
2009-10-18,137.15,-27593,-17614,-102474,58.84K,-3.99%,0.053099999999999994,142.85
2009-10-25,135.5,-25682,-14262,-97082,53.90K,-1.20%,-0.039900000000000005,137.15
2009-11-01,138.9,-24564,-14253,-94571,78.46K,2.51%,-0.012,135.5
2009-11-15,134.6,-13950,-18489,-71889,45.31K,2.67%,0.025099999999999997,138.9
2009-11-22,137.95,-12028,-21638,-70722,1.17K,2.49%,0.026699999999999998,134.6
2009-11-29,141.1,-16993,-25707,-82906,0.50K,2.28%,0.024900000000000002,137.95
2009-12-06,142.6,-20876,-27531,-84996,0.11K,1.06%,0.022799999999999997,141.1
2009-12-13,144.35,-26233,-28631,-118406,0.12K,1.23%,0.0106,142.6
2009-12-20,139.3,-24208,-27285,-130379,27.71K,-3.50%,0.0123,144.35
2009-12-27,135.95,-17864,-26957,-121714,28.64K,-2.40%,-0.035,139.3
2010-01-03,145.35,-15204,-24314,-123311,56.05K,6.91%,-0.024,135.95
2010-01-10,140.75,-18082,-21393,-125133,57.41K,-3.16%,0.0691,145.35
2010-01-17,139.6,-18493,-27138,-130256,43.45K,-0.82%,-0.0316,140.75
2010-01-24,131.7,-14617,-30614,-130904,69.71K,-5.66%,-0.008199999999999999,139.6
2010-01-31,128.8,-6113,-28053,-136487,77.81K,-2.20%,-0.056600000000000004,131.7
2010-02-07,132.75,-991,-19279,-98247,89.18K,3.07%,-0.022000000000000002,128.8
2010-02-14,134.75,-2625,-15553,-118228,36.35K,1.51%,0.030699999999999998,132.75
2010-02-21,129.05,349,-15608,-100836,0.99K,-4.23%,0.0151,134.75
2010-02-28,128.0,3195,-13950,-92434,0.07K,-0.81%,-0.042300000000000004,129.05
2010-03-07,130.15,2727,-8566,-78065,0.05K,1.68%,-0.008100000000000001,128.0
2010-03-14,130.3,2601,-7662,-88865,0.08K,0.12%,0.0168,130.15
2010-03-21,135.85,-1424,-9818,-81203,56.01K,4.26%,0.0012,130.3
2010-03-28,137.4,-10421,-10357,-92324,53.64K,1.14%,0.0426,135.85
2010-04-04,132.7,-11425,-9265,-78630,77.83K,-3.42%,0.011399999999999999,137.4
2010-04-11,129.1,-4400,-11152,-85760,71.46K,-2.71%,-0.0342,132.7
2010-04-18,131.8,4181,-15214,-76358,26.32K,2.09%,-0.0271,129.1
2010-04-25,135.2,8611,-19939,-61269,0.71K,2.58%,0.0209,131.8
2010-05-02,133.0,-1351,-21719,-60065,0.30K,-1.63%,0.0258,135.2
2010-05-09,134.25,-927,-20971,-55789,0.05K,0.94%,-0.0163,133.0
2010-05-16,132.4,-1537,-14134,-55719,38.34K,-1.38%,0.009399999999999999,134.25
2010-05-23,134.25,3932,-14141,-63960,50.64K,1.40%,-0.0138,132.4
2010-05-30,133.75,-2579,-13822,-57266,59.12K,-0.37%,0.013999999999999999,134.25
2010-06-06,144.95,1953,-19316,-57804,109.96K,8.37%,-0.0037,133.75
2010-06-13,160.25,-16459,-17242,-72567,45.93K,10.56%,0.0837,144.95
2010-06-20,167.0,-25659,-16793,-71223,5.94K,4.21%,0.1056,160.25
2010-06-27,162.3,-28064,-18580,-65279,0.60K,-2.81%,0.0421,167.0
2010-07-04,161.2,-29323,-17717,-61584,0.29K,-0.68%,-0.0281,162.3
2010-07-11,164.8,-31413,-15928,-61025,0.05K,2.23%,-0.0068000000000000005,161.2
2010-07-18,166.0,-31418,-17790,-64343,38.60K,0.73%,0.0223,164.8
2010-07-25,176.3,-33358,-12906,-68106,58.66K,6.20%,0.0073,166.0
2010-08-01,167.4,-34621,-13738,-71463,71.77K,-5.05%,0.062,176.3
2010-08-08,175.5,-35031,-7648,-70926,76.59K,4.84%,-0.050499999999999996,167.4
2010-08-15,181.55,-36315,-1267,-81545,59.44K,3.45%,0.0484,175.5
2010-08-22,177.05,-29255,4611,-79268,3.07K,-2.48%,0.0345,181.55
2010-08-29,185.05,-28710,15466,-81432,0.27K,4.52%,-0.0248,177.05
2010-09-05,188.25,-31906,18883,-95809,0.07K,1.73%,0.0452,185.05
2010-09-12,187.85,-33350,22356,-105376,0.13K,-0.21%,0.0173,188.25
2010-09-19,180.6,-30882,19945,-106989,41.90K,-3.86%,-0.0021,187.85
2010-09-26,181.1,-29890,19215,-112848,53.17K,0.28%,-0.038599999999999995,180.6
2010-10-03,182.15,-21977,20921,-102313,64.46K,0.58%,0.0028000000000000004,181.1
2010-10-10,186.4,-21788,19866,-110263,49.36K,2.33%,0.0058,182.15
2010-10-17,198.85,-27044,19279,-109242,65.64K,6.68%,0.0233,186.4
2010-10-24,203.45,-32389,17940,-109294,60.99K,2.31%,0.0668,198.85
2010-10-31,205.14999999999998,-33002,19083,-114267,67.63K,0.84%,0.0231,203.45
2010-11-07,200.44999999999996,-34302,21572,-101088,97.42K,-2.29%,0.0084,205.14999999999998
2010-11-14,209.85,-25105,21447,-89805,54.02K,4.69%,-0.0229,200.44999999999996
2010-11-21,202.15,-25762,13661,-86504,1.82K,-3.67%,0.046900000000000004,209.85
2010-11-28,204.5,-23765,14259,-89263,0.63K,1.16%,-0.036699999999999997,202.15
2010-12-05,209.35000000000002,-26886,3931,-89371,0.14K,2.37%,0.0116,204.5
2010-12-12,225.25,-28557,2054,-92919,0.20K,7.59%,0.023700000000000002,209.35000000000002
2010-12-19,235.9,-29970,534,-110360,33.74K,4.73%,0.0759,225.25
2010-12-26,240.49999999999997,-30240,-1691,-114696,17.75K,1.95%,0.0473,235.9
2011-01-02,230.7,-29845,-2799,-109739,48.69K,-4.07%,0.0195,240.49999999999997
2011-01-09,234.60000000000002,-32534,-220,-109490,73.02K,1.69%,-0.0407,230.7
2011-01-16,240.39999999999998,-30601,-1724,-101409,52.46K,2.47%,0.0169,234.60000000000002
2011-01-23,245.00000000000003,-25558,-9057,-103244,62.52K,1.91%,0.024700000000000003,240.39999999999998
2011-01-30,249.30000000000004,-30193,-12094,-117739,63.05K,1.76%,0.0191,245.00000000000003
2011-02-06,251.95,-28090,-10481,-108873,86.71K,1.06%,0.0176,249.30000000000004
2011-02-13,271.65,-29647,-11354,-102482,32.80K,7.82%,0.0106,251.95
2011-02-20,267.7,-30339,-14519,-103934,1.37K,-1.45%,0.0782,271.65
2011-02-27,272.9,-23829,-14820,-106015,0.58K,1.94%,-0.014499999999999999,267.7
2011-03-06,273.7,-25589,-17626,-129370,0.25K,0.29%,0.0194,272.9
2011-03-13,276.8,-18141,-11799,-101634,0.12K,1.13%,0.0029,273.7
2011-03-20,268.6,-19044,-6168,-86773,42.79K,-2.96%,0.0113,276.8
2011-03-27,259.9,-15622,-3075,-92173,57.43K,-3.24%,-0.0296,268.6
2011-04-03,274.95,-15346,3485,-91448,79.40K,5.79%,-0.032400000000000005,259.9
2011-04-10,288.1,-18702,4936,-75417,70.02K,4.78%,0.0579,274.95
2011-04-17,291.3,-24516,6457,-53857,24.81K,1.11%,0.0478,288.1
2011-04-24,299.35,-24628,6502,-52073,0.70K,2.76%,0.0111,291.3
2011-05-01,287.05,-24005,4012,-56915,0.19K,-4.11%,0.0276,299.35
2011-05-08,269.3,-17714,1633,-62766,0.15K,-6.18%,-0.041100000000000005,287.05
2011-05-15,259.15,-7888,7999,-51821,28.98K,-3.77%,-0.061799999999999994,269.3
2011-05-22,263.7,-2961,11445,-51594,51.92K,1.76%,-0.0377,259.15
2011-05-29,270.95,-4290,11989,-52670,67.98K,2.75%,0.0176,263.7
2011-06-05,264.95,-1244,14965,-58748,67.21K,-2.21%,0.0275,270.95
2011-06-12,249.55000000000004,-2465,12513,-76572,41.81K,-5.81%,-0.022099999999999998,264.95
2011-06-19,249.00000000000003,7114,8706,-94907,12.76K,-0.22%,-0.0581,249.55000000000004
2011-06-26,263.45,7008,4479,-98888,0.29K,5.80%,-0.0022,249.00000000000003
2011-07-03,263.15,2650,-604,-106649,0.05K,-0.11%,0.057999999999999996,263.45
2011-07-10,252.55,4471,-2711,-115144,0.05K,-4.03%,-0.0011,263.15
2011-07-17,241.5,9768,-1452,-115845,37.51K,-4.38%,-0.0403,252.55
2011-07-24,239.55,12254,1669,-130284,55.10K,-0.81%,-0.0438,241.5
2011-07-31,238.0,13523,7666,-127134,81.45K,-0.65%,-0.008100000000000001,239.55
2011-08-07,240.34999999999997,13587,14019,-100758,71.39K,0.99%,-0.006500000000000001,238.0
2011-08-14,266.15,9298,17017,-88685,36.82K,10.73%,0.009899999999999999,240.34999999999997
2011-08-21,278.9,2533,12844,-106088,7.71K,4.79%,0.1073,266.15
2011-08-28,289.2,-5340,9542,-101363,0.20K,3.69%,0.0479,278.9
2011-09-04,271.25,-10373,8094,-89753,0.14K,-6.21%,0.0369,289.2
2011-09-11,263.0,-8810,14649,-92001,0.07K,-3.04%,-0.0621,271.25
2011-09-18,231.45,-5319,24971,-71617,58.84K,-12.00%,-0.0304,263.0
2011-09-25,228.9,5278,28993,-41239,67.32K,-1.10%,-0.12,231.45
2011-10-02,224.35,6971,30956,-37452,60.45K,-1.99%,-0.011000000000000001,228.9
2011-10-09,239.55,10895,29068,-41655,53.07K,6.78%,-0.0199,224.35
2011-10-16,244.85000000000002,8790,29163,-68034,67.07K,2.21%,0.0678,239.55
2011-10-23,235.15,2599,28791,-70359,67.10K,-3.96%,0.022099999999999998,244.85000000000002
2011-10-30,230.20000000000002,6780,22964,-60952,66.25K,-2.11%,-0.039599999999999996,235.15
2011-11-06,233.94999999999996,6629,17983,-49651,72.24K,1.63%,-0.021099999999999997,230.20000000000002
2011-11-13,234.20000000000002,2010,18942,-19984,51.88K,0.11%,0.0163,233.94999999999996
2011-11-20,229.6,1140,20781,4975,1.11K,-1.96%,0.0011,234.20000000000002
2011-11-27,227.15,1331,22689,10086,0.38K,-1.07%,-0.0196,229.6
2011-12-04,224.65,-1561,26154,1765,0.10K,-1.10%,-0.010700000000000001,227.15
2011-12-11,210.94999999999996,6877,28467,2850,0.10K,-6.10%,-0.011000000000000001,224.65
2011-12-18,219.64999999999998,9007,27659,8121,26.90K,4.12%,-0.061,210.94999999999996
2011-12-25,226.85,8919,26330,11611,17.96K,3.28%,0.0412,219.64999999999998
2012-01-01,221.74999999999997,5632,26886,-5889,46.39K,-2.25%,0.032799999999999996,226.85
2012-01-08,225.25,6335,28470,4821,69.55K,1.58%,-0.0225,221.74999999999997
2012-01-15,225.4,1361,26733,603,46.88K,0.07%,0.0158,225.25
2012-01-22,217.34999999999997,3938,24076,-34502,57.97K,-3.57%,0.0007000000000000001,225.4
2012-01-29,215.95,6419,20593,-30749,56.48K,-0.64%,-0.035699999999999996,217.34999999999997
2012-02-05,215.3,4085,24303,-24431,70.21K,-0.30%,-0.0064,215.95
2012-02-12,200.05,11277,27948,-29786,53.22K,-7.08%,-0.003,215.3
2012-02-19,203.25000000000003,13559,23994,-41296,1.89K,1.60%,-0.0708,200.05
2012-02-26,201.65,13578,20088,-86946,0.27K,-0.79%,0.016,203.25000000000003
2012-03-04,185.6,15852,22109,-75077,0.11K,-7.96%,-0.0079,201.65
2012-03-11,181.35,19015,19346,-50345,0.04K,-2.29%,-0.0796,185.6
2012-03-18,178.75,20544,21336,-80670,47.44K,-1.43%,-0.0229,181.35
2012-03-25,182.45,19008,18892,-82956,82.66K,2.07%,-0.0143,178.75
2012-04-01,183.0,17554,24824,-65380,72.92K,0.30%,0.0207,182.45
2012-04-08,179.2,18292,31148,-68886,106.87K,-2.08%,0.003,183.0
2012-04-15,177.7,22177,32246,-36235,39.70K,-0.84%,-0.0208,179.2
2012-04-22,175.0,19033,29426,-14251,0.52K,-1.52%,-0.0084,177.7
2012-04-29,173.5,18684,26565,-3760,0.11K,-0.86%,-0.0152,175.0
2012-05-06,176.55,20873,21537,9931,0.10K,1.76%,-0.0086,173.5
2012-05-13,177.7,17932,21056,7459,0.04K,0.65%,0.0176,176.55
2012-05-20,167.8,16844,22607,1129,79.81K,-5.57%,0.006500000000000001,177.7
2012-05-27,157.5,20241,22732,2298,63.56K,-6.14%,-0.0557,167.8
2012-06-03,155.6,21398,26096,710,63.71K,-1.21%,-0.061399999999999996,157.5
2012-06-10,150.05,22470,20755,1229,78.47K,-3.57%,-0.0121,155.6
2012-06-17,155.15,21814,16663,-1988,27.94K,3.40%,-0.035699999999999996,150.05
2012-06-24,170.1,21341,19711,-9721,0.72K,9.64%,0.034,155.15
2012-07-01,175.9,17121,6792,-17759,0.11K,3.41%,0.0964,170.1
2012-07-08,184.45,12362,2190,-54094,0.08K,4.86%,0.0341,175.9
2012-07-15,186.95,9422,5910,-62154,12.29K,1.36%,0.048600000000000004,184.45
2012-07-22,173.7,9762,7731,-83382,60.74K,-7.09%,0.013600000000000001,186.95
2012-07-29,173.8,9952,775,-80848,62.72K,0.06%,-0.0709,173.7
2012-08-05,166.25,10813,-3269,-63789,79.58K,-4.34%,0.0006,173.8
2012-08-12,160.3,17529,-6204,-31540,40.84K,-3.58%,-0.0434,166.25
2012-08-19,162.6,24584,-4953,-1418,21.52K,1.43%,-0.0358,160.3
2012-08-26,164.55,26741,-7593,-4162,0.31K,1.20%,0.0143,162.6
2012-09-02,162.7,29401,-17887,16916,0.05K,-1.12%,0.012,164.55
2012-09-09,180.8,27765,-20834,25207,0.04K,11.12%,-0.011200000000000002,162.7
2012-09-16,173.3,18643,-16030,23304,39.90K,-4.15%,0.1112,180.8
2012-09-23,173.5,18709,-16905,19913,50.12K,0.12%,-0.0415,173.3
2012-09-30,168.1,12068,-15249,1289,88.98K,-3.11%,0.0012,173.5
2012-10-07,161.7,14955,-13973,-26086,71.76K,-3.81%,-0.0311,168.1
2012-10-14,161.65,21979,-15289,-7936,55.01K,-0.03%,-0.0381,161.7
2012-10-21,157.75,24884,-17746,3254,50.69K,-2.41%,-0.0003,161.65
2012-10-28,154.7,27151,-15688,16212,67.07K,-1.93%,-0.0241,157.75
2012-11-04,149.9,32688,-17702,29375,86.95K,-3.10%,-0.019299999999999998,154.7
2012-11-11,147.3,35939,-14035,47494,69.97K,-1.73%,-0.031,149.9
2012-11-18,142.15,34855,-20569,43317,24.66K,-3.50%,-0.0173,147.3
2012-11-25,142.1,33666,-25643,50899,0.38K,-0.04%,-0.035,142.15
2012-12-02,142.1,32941,-29968,42170,0.05K,0.00%,-0.0004,142.1
2012-12-09,137.4,30877,-28264,55248,0.03K,-3.31%,0.0,142.1
2012-12-16,146.6,33298,-28400,45732,29.50K,6.70%,-0.0331,137.4
2013-01-06,153.35,31995,-12921,37936,91.11K,4.07%,0.067,146.6
2013-01-13,156.3,24144,-10884,44837,89.20K,1.92%,0.0407,153.35
2013-01-20,148.3,23293,-6775,73150,71.49K,-5.12%,0.0192,156.3
2013-01-27,147.95,23527,-2356,63774,77.42K,-0.24%,-0.0512,148.3
2013-02-03,141.05,30253,-3890,60822,114.07K,-4.66%,-0.0024,147.95
2013-02-10,136.95,38466,-3481,80953,98.20K,-2.91%,-0.0466,141.05
2013-02-17,143.1,39330,-4220,94476,23.13K,4.49%,-0.0291,136.95
2013-02-24,142.9,33864,-1414,83120,0.56K,-0.14%,0.0449,143.1
2013-03-03,143.35,34026,-238,71903,0.06K,0.31%,-0.0014000000000000002,142.9
2013-03-10,136.5,34110,-2044,34423,0.04K,-4.78%,0.0031,143.35
2013-03-17,135.3,39243,53,32856,55.22K,-0.88%,-0.0478,136.5
2013-03-24,137.15,38991,-1351,63092,52.86K,1.37%,-0.0088,135.3
2013-03-31,140.15,36188,-2407,100669,107.30K,2.19%,0.0137,137.15
2013-04-07,135.25,33920,-3710,109825,139.92K,-3.50%,0.0219,140.15
2013-04-14,141.65,35595,-13360,77535,58.62K,4.73%,-0.035,135.25
2013-04-21,133.9,27571,-22615,74731,2.03K,-5.47%,0.0473,141.65
2013-04-28,140.3,30937,-31810,79997,0.37K,4.78%,-0.0547,133.9
2013-05-05,143.8,20745,-38140,70187,0.18K,2.49%,0.0478,140.3
2013-05-12,135.6,11531,-37665,93290,0.04K,-5.70%,0.024900000000000002,143.8
2013-05-19,127.25,22299,-36186,102049,80.32K,-6.16%,-0.057,135.6
2013-05-26,127.05,32439,-34362,94057,70.30K,-0.16%,-0.0616,127.25
2013-06-02,126.95,34290,-34551,95421,98.12K,-0.08%,-0.0016,127.05
2013-06-09,122.24999999999999,34481,-37352,105214,128.39K,-3.70%,-0.0008,126.95
2013-06-16,118.7,38072,-35590,94719,34.41K,-2.90%,-0.037000000000000005,122.24999999999999
2013-06-23,120.0,37123,-28665,73012,0.56K,1.10%,-0.028999999999999998,118.7
2013-06-30,120.95,33070,-24366,61719,0.09K,0.79%,0.011000000000000001,120.0
2013-07-07,119.15,34082,-13695,76906,0.10K,-1.49%,0.0079,120.95
2013-07-14,122.6,30104,-19525,99273,0.03K,2.90%,-0.0149,119.15
2013-07-21,122.24999999999999,23905,-28488,78606,77.70K,-0.29%,0.028999999999999998,122.6
2013-07-28,118.25000000000001,22747,-28994,73057,80.80K,-3.27%,-0.0029,122.24999999999999
2013-08-04,122.9,29383,-29630,72458,103.42K,3.93%,-0.0327,118.25000000000001
2013-08-11,120.5,27015,-37647,32294,88.49K,-1.95%,0.0393,122.9
2013-08-18,113.05000000000001,27261,-43040,28588,34.60K,-6.18%,-0.0195,120.5
2013-08-25,112.1,32206,-44354,47680,0.30K,-0.84%,-0.061799999999999994,113.05000000000001
2013-09-01,113.94999999999999,32268,-45978,58587,0.03K,1.65%,-0.0084,112.1
2013-09-08,115.55,33238,-52535,15145,0.05K,1.40%,0.0165,113.94999999999999
2013-09-15,114.65,34713,-54855,-10276,18.64K,-0.78%,0.013999999999999999,115.55
2013-09-22,113.7,32878,-56766,-40622,56.76K,-0.83%,-0.0078000000000000005,114.65
2013-09-29,114.4,33388,-59070,-87671,45.45K,0.62%,-0.0083,113.7
2013-10-06,116.7,32069,-60247,-131165,54.22K,2.01%,0.0062,114.4
2013-10-13,114.65,27356,-62066,-146389,45.93K,-1.76%,0.020099999999999996,116.7
2013-10-20,109.1,32244,-63199,-155948,66.84K,-4.84%,-0.0176,114.65
2013-10-27,105.54999999999998,36955,-62791,-156584,69.57K,-3.25%,-0.0484,109.1
2013-11-03,104.05,40195,-69808,-148426,100.66K,-1.42%,-0.0325,105.54999999999998
2013-11-10,105.75000000000001,38152,-63954,-122274,123.95K,1.63%,-0.014199999999999999,104.05
2013-11-17,107.1,33367,-64549,-95890,29.46K,1.28%,0.0163,105.75000000000001
2013-11-24,110.25,31061,-65875,-73328,0.24K,2.94%,0.0128,107.1
2013-12-01,105.80000000000001,28298,-68038,-31890,0.11K,-4.04%,0.0294,110.25
2013-12-08,114.5,29408,-72584,13635,0.08K,8.22%,-0.0404,105.80000000000001
2013-12-15,115.3,22109,-70655,43958,17.40K,0.70%,0.08220000000000001,114.5
2013-12-22,116.35,17105,-72124,48835,19.70K,0.91%,0.006999999999999999,115.3
2013-12-29,116.35,17905,-70949,48265,43.86K,0.00%,0.0091,116.35
2014-01-05,120.65,12780,-66649,56096,99.47K,3.70%,0.0,116.35
2014-01-12,117.15,9808,-64613,84713,60.82K,-2.90%,0.037000000000000005,120.65
2014-01-19,114.4,12390,-64267,86793,53.42K,-2.35%,-0.028999999999999998,117.15
2014-01-26,125.2,15668,-69448,96355,103.96K,9.44%,-0.0235,114.4
2014-02-02,135.7,1743,-76334,78572,192.41K,8.39%,0.0944,125.2
2014-02-09,139.9,-7499,-74417,75047,143.74K,3.10%,0.0839,135.7
2014-02-16,168.55,-16377,-74983,58666,30.18K,20.48%,0.031,139.9
2014-02-23,179.8,-20236,-72839,4048,0.97K,6.67%,0.2048,168.55
2014-03-02,196.05,-20801,-72865,-37490,0.18K,9.04%,0.0667,179.8
2014-03-09,197.85,-23823,-69884,-67244,0.27K,0.92%,0.0904,196.05
2014-03-16,171.15,-30461,-67690,-77493,40.52K,-13.50%,0.0092,197.85
2014-03-23,180.6,-30984,-62194,-75084,70.79K,5.52%,-0.135,171.15
2014-03-30,185.0,-28097,-61177,-88647,80.84K,2.44%,0.0552,180.6
2014-04-06,201.2,-26344,-58699,-91734,126.62K,8.76%,0.024399999999999998,185.0
2014-04-13,201.2,-27514,-57709,-86485,50.99K,0.00%,0.0876,201.2
2014-04-20,204.75,-28014,-58212,-93220,4.52K,1.76%,0.0,201.2
2014-04-27,200.59999999999997,-30342,-50660,-96406,0.16K,-2.03%,0.0176,204.75
2014-05-04,180.8,-30579,-47603,-86650,0.12K,-9.87%,-0.0203,200.59999999999997
2014-05-11,182.5,-27675,-41866,-99808,0.05K,0.94%,-0.0987,180.8
2014-05-18,181.9,-29131,-42274,-114857,43.35K,-0.33%,0.009399999999999999,182.5
2014-05-25,177.5,-27447,-52097,-79420,54.29K,-2.42%,-0.0033,181.9
2014-06-01,172.1,-26299,-58574,-85894,68.50K,-3.04%,-0.0242,177.5
2014-06-08,173.7,-26246,-61146,-60099,103.27K,0.93%,-0.0304,172.1
2014-06-15,173.25,-26664,-64029,-42359,41.09K,-0.26%,0.009300000000000001,173.7
2014-06-22,170.45,-27631,-61112,-120656,0.27K,-1.62%,-0.0026,173.25
2014-06-29,169.4,-26042,-62155,-109473,0.11K,-0.62%,-0.016200000000000003,170.45
2014-07-06,158.95,-25524,-62107,-66652,0.14K,-6.17%,-0.0062,169.4
2014-07-13,170.7,-19541,-61175,-21083,0.01K,7.39%,-0.0617,158.95
2014-07-20,179.15,-21701,-63448,-341,48.83K,4.95%,0.0739,170.7
2014-07-27,192.35,-27250,-64636,24490,83.24K,7.37%,0.0495,179.15
2014-08-03,180.85,-31111,-67521,41390,96.18K,-5.98%,0.0737,192.35
2014-08-10,188.75,-30010,-70518,56432,71.34K,4.37%,-0.059800000000000006,180.85
2014-08-17,181.6,-31357,-69303,73994,32.65K,-3.79%,0.0437,188.75
2014-08-24,195.75,-32933,-68551,60344,0.27K,7.79%,-0.0379,181.6
2014-08-31,192.85,-34946,-70239,51297,0.05K,-1.48%,0.0779,195.75
2014-09-07,179.65,-33787,-66462,67005,0.08K,-6.84%,-0.0148,192.85
2014-09-14,178.0,-26986,-59885,73581,15.24K,-0.92%,-0.0684,179.65
2014-09-21,186.05,-22920,-64327,88334,58.14K,4.52%,-0.0092,178.0
2014-09-28,206.5,-27206,-68565,77364,84.40K,10.99%,0.0452,186.05
2014-10-05,220.4,-32236,-53871,61209,79.10K,6.73%,0.1099,206.5
2014-10-12,210.65,-38201,-49607,62535,60.54K,-4.42%,0.0673,220.4
2014-10-19,191.5,-37109,-45888,63598,75.54K,-9.09%,-0.044199999999999996,210.65
2014-10-26,188.0,-31620,-36098,68490,63.27K,-1.83%,-0.0909,191.5
2014-11-02,182.4,-28231,-31678,79771,76.93K,-2.98%,-0.0183,188.0
2014-11-09,192.0,-28007,-30457,76579,100.17K,5.26%,-0.0298,182.4
2014-11-16,189.65,-30560,-28358,75068,22.58K,-1.22%,0.0526,192.0
2014-11-23,186.65,-35433,-33024,51697,0.29K,-1.58%,-0.012199999999999999,189.65
2014-11-30,179.1,-31217,-30721,88410,0.15K,-4.04%,-0.0158,186.65
2014-12-07,173.0,-23707,-27959,94795,0.01K,-3.41%,-0.0404,179.1
2014-12-14,174.7,-21916,-31281,104102,8.43K,0.98%,-0.0341,173.0
2014-12-21,168.6,-18021,-40472,99984,21.59K,-3.49%,0.0098,174.7
2014-12-28,161.05,-13720,-42013,105897,34.33K,-4.48%,-0.0349,168.6
2015-01-04,180.05,-15287,-44903,99898,105.14K,11.80%,-0.044800000000000006,161.05
2015-01-11,171.0,-24117,-50749,80193,91.63K,-5.03%,0.11800000000000001,180.05
2015-01-18,162.45,-20196,-52027,47071,65.25K,-5.00%,-0.050300000000000004,171.0
2015-01-25,161.9,-13632,-34871,6693,77.42K,-0.34%,-0.05,162.45
2015-02-01,166.85,-10185,-23817,54017,90.75K,3.06%,-0.0034000000000000002,161.9
2015-02-08,163.2,-10675,-25970,57296,123.29K,-2.19%,0.030600000000000002,166.85
2015-02-15,148.65,-8847,-34845,24477,35.19K,-8.92%,-0.0219,163.2
2015-02-22,136.75,-1139,-46304,50608,0.33K,-8.01%,-0.0892,148.65
2015-03-01,136.5,6710,-52476,77365,0.05K,-0.18%,-0.0801,136.75
2015-03-08,126.44999999999999,9316,-54187,72610,0.02K,-7.36%,-0.0018,136.5
2015-03-15,143.35,10605,-39153,76756,10.81K,13.36%,-0.0736,126.44999999999999
2015-03-22,138.2,13366,-19931,107537,70.29K,-3.59%,0.1336,143.35
2015-03-29,140.9,14275,-14064,121692,68.95K,1.95%,-0.0359,138.2
2015-04-05,135.1,9063,-14935,112820,112.83K,-4.12%,0.0195,140.9
2015-04-12,138.7,14381,-19969,88231,69.80K,2.66%,-0.0412,135.1
2015-04-19,141.15,9087,-24520,77696,10.83K,1.77%,0.026600000000000002,138.7
2015-04-26,133.45,9734,-28768,31745,0.29K,-5.46%,0.0177,141.15
2015-05-03,132.9,12056,-26938,44476,0.07K,-0.41%,-0.0546,133.45
2015-05-10,137.2,14127,-35737,-215,0.06K,3.24%,-0.0040999999999999995,132.9
2015-05-17,126.95,6901,-47063,20269,87.33K,-7.47%,0.032400000000000005,137.2
2015-05-24,126.15,21626,-50272,58865,68.02K,-0.63%,-0.0747,126.95
2015-05-31,135.1,18899,-49179,56903,101.55K,7.09%,-0.0063,126.15
2015-06-07,132.05,7538,-46397,63133,116.95K,-2.26%,0.0709,135.1
2015-06-14,127.15,12096,-47594,94956,64.59K,-3.71%,-0.0226,132.05
2015-06-21,131.7,16533,-50188,102171,1.08K,3.58%,-0.0371,127.15
2015-06-28,125.6,14540,-53483,71339,0.09K,-4.63%,0.0358,131.7
2015-07-05,122.95,26486,-54912,42104,0.05K,-2.11%,-0.0463,125.6
2015-07-12,127.0,23343,-56315,770,0.02K,3.29%,-0.021099999999999997,122.95
2015-07-19,122.24999999999999,23534,-56671,53339,53.03K,-3.74%,0.0329,127.0
2015-07-26,125.25,29014,-51721,66929,81.67K,2.45%,-0.0374,122.24999999999999
2015-08-02,127.8,24300,-46554,73181,107.92K,2.04%,0.0245,125.25
2015-08-09,137.5,9751,-33603,83692,159.09K,7.59%,0.0204,127.8
2015-08-16,121.9,-872,-28639,85865,52.19K,-11.35%,0.0759,137.5
2015-08-23,120.45000000000002,19846,-26041,88105,0.20K,-1.19%,-0.11349999999999999,121.9
2015-08-30,115.84999999999998,24718,-28802,60832,0.03K,-3.82%,-0.011899999999999999,120.45000000000002
2015-09-06,113.35,28991,-34993,21445,0.03K,-2.16%,-0.0382,115.84999999999998
2015-09-13,113.35,31970,-38217,10587,0.05K,0.00%,-0.0216,113.35
2015-09-20,122.7,33328,-39447,30507,77.93K,8.25%,0.0,113.35
2015-09-27,124.29999999999998,29040,-40143,-13940,76.26K,1.30%,0.0825,122.7
2015-10-04,131.6,21131,-33300,-75619,96.94K,5.87%,0.013000000000000001,124.29999999999998
2015-10-11,125.85,10068,-27611,-104459,108.36K,-4.37%,0.0587,131.6
2015-10-18,118.45000000000002,9930,-26824,-113917,73.57K,-5.88%,-0.0437,125.85
2015-10-25,120.95,19354,-27334,-125865,73.30K,2.11%,-0.0588,118.45000000000002
2015-11-01,117.75,23886,-35005,-153098,96.51K,-2.65%,0.021099999999999997,120.95
2015-11-08,112.15000000000002,29201,-42812,-134851,128.85K,-4.76%,-0.0265,117.75
2015-11-15,121.9,36106,-56282,-137885,37.63K,8.69%,-0.047599999999999996,112.15000000000002
2015-11-22,121.0,26297,-57242,-161164,0.27K,-0.74%,0.08689999999999999,121.9
2015-11-29,124.0,26166,-57076,-163208,0.07K,2.48%,-0.0074,121.0
2015-12-06,118.10000000000001,14784,-59319,-167833,0.05K,-4.76%,0.0248,124.0
2015-12-13,118.45000000000002,15864,-58161,-149611,0.03K,0.30%,-0.047599999999999996,118.10000000000001
2015-12-20,119.7,21545,-51914,-162649,32.19K,1.06%,0.003,118.45000000000002
2015-12-27,126.70000000000002,20556,-49166,-153300,36.69K,5.85%,0.0106,119.7
2016-01-03,119.0,13365,-45190,-147614,79.33K,-6.08%,0.058499999999999996,126.70000000000002
2016-01-10,114.9,27681,-24782,-122040,92.12K,-3.45%,-0.0608,119.0
2016-01-17,115.99999999999999,32078,-20766,-150570,79.65K,0.96%,-0.0345,114.9
2016-01-24,116.35,29911,-17790,-114304,100.52K,0.30%,0.0096,115.99999999999999
2016-01-31,120.39999999999999,18673,-12773,-53201,109.77K,3.48%,0.003,116.35
2016-02-07,115.55,14936,-11804,-34186,135.92K,-4.03%,0.0348,120.39999999999999
2016-02-14,115.75,20357,-9978,-21934,45.36K,0.17%,-0.0403,115.55
2016-02-21,112.99999999999999,16654,-13374,-9142,0.54K,-2.38%,0.0017000000000000001,115.75
2016-02-28,118.8,27026,-15832,-34067,0.13K,5.13%,-0.023799999999999998,112.99999999999999
2016-03-06,124.4,13711,-18694,-75065,0.06K,4.71%,0.0513,118.8
2016-03-13,133.85,-5690,-22353,-103198,0.02K,7.60%,0.0471,124.4
2016-03-20,127.55000000000001,-19523,-26642,-154766,77.33K,-4.71%,0.076,133.85
2016-03-27,127.25,-19068,-25812,-172116,94.74K,-0.24%,-0.0471,127.55000000000001
2016-04-03,120.45000000000002,-8760,-20133,-159886,131.87K,-5.34%,-0.0024,127.25
2016-04-10,122.95,-2376,-17735,-132753,91.61K,2.08%,-0.053399999999999996,120.45000000000002
2016-04-17,122.75,-5495,-23078,-131463,21.97K,-0.16%,0.0208,122.95
2016-04-24,120.85,-1807,-35121,-160756,0.39K,-1.55%,-0.0016,122.75
2016-05-01,123.44999999999999,11964,-43187,-179204,0.33K,2.15%,-0.0155,120.85
2016-05-08,128.8,2723,-44217,-201678,0.04K,4.33%,0.0215,123.44999999999999
2016-05-15,124.70000000000002,-12789,-33173,-224384,45.26K,-3.18%,0.0433,128.8
2016-05-22,121.30000000000001,-3046,-16876,-233099,81.85K,-2.73%,-0.0318,124.70000000000002
2016-05-29,127.1,7078,-12750,-243310,92.74K,4.78%,-0.0273,121.30000000000001
2016-06-05,136.95,-2375,-16788,-255084,202.77K,7.75%,0.0478,127.1
2016-06-12,140.75,-19137,-24513,-264313,81.01K,2.77%,0.0775,136.95
2016-06-19,134.35,-27000,-26794,-280073,15.40K,-4.55%,0.0277,140.75
2016-06-26,144.85,-29036,-26713,-279803,0.31K,7.82%,-0.0455,134.35
2016-07-03,142.75,-32792,-29258,-277106,0.10K,-1.45%,0.0782,144.85
2016-07-10,145.7,-35314,-32706,-274326,0.03K,2.07%,-0.014499999999999999,142.75
2016-07-17,141.9,-36489,-31718,-264468,53.55K,-2.61%,0.0207,145.7
2016-07-24,146.2,-35137,-15035,-260990,75.10K,3.03%,-0.026099999999999998,141.9
2016-07-31,142.5,-32898,-8532,-257005,107.40K,-2.53%,0.030299999999999997,146.2
2016-08-07,136.85,-29699,-13849,-275769,115.14K,-3.96%,-0.0253,142.5
2016-08-14,138.8,-24428,-24490,-274582,47.18K,1.42%,-0.039599999999999996,136.85
2016-08-21,143.9,-27832,-36505,-276388,4.94K,3.67%,0.014199999999999999,138.8
2016-08-28,150.1,-27816,-32101,-278293,0.07K,4.31%,0.036699999999999997,143.9
2016-09-04,149.95,-38718,-26964,-260244,0.03K,-0.10%,0.0431,150.1
2016-09-11,147.1,-38160,-10973,-261991,0.06K,-1.90%,-0.001,149.95
2016-09-18,151.4,-39951,-8389,-286600,67.40K,2.92%,-0.019,147.1
2016-09-25,151.55,-37498,-13342,-290985,87.10K,0.10%,0.0292,151.4
2016-10-02,148.0,-31973,-12779,-290127,88.30K,-2.34%,0.001,151.55
2016-10-09,155.4,-31306,-12649,-278481,91.67K,5.00%,-0.023399999999999997,148.0
2016-10-16,156.1,-39040,-13910,-267191,80.32K,0.45%,0.05,155.4
2016-10-23,165.5,-51090,-14836,-259687,120.02K,6.02%,0.0045000000000000005,156.1
2016-10-30,171.35,-55917,-16316,-224903,121.02K,3.53%,0.0602,165.5
2016-11-06,159.45,-58960,-7265,-230368,191.82K,-6.94%,0.0353,171.35
2016-11-13,157.85,-51553,3018,-213006,48.21K,-1.00%,-0.0694,159.45
2016-11-20,152.3,-49076,10454,-159080,0.85K,-3.52%,-0.01,157.85
2016-11-27,141.2,-40758,8973,-154268,0.33K,-7.29%,-0.0352,152.3
2016-12-04,135.55,-23857,10880,-156972,0.03K,-4.00%,-0.0729,141.2
2016-12-11,138.2,-16967,21606,-136190,0.03K,1.95%,-0.04,135.55
2016-12-18,136.15,-14817,23356,-120426,43.74K,-1.48%,0.0195,138.2
2016-12-25,137.05,-7811,22618,-112783,50.73K,0.66%,-0.0148,136.15
2017-01-01,142.85,-5104,22436,-121294,65.92K,4.23%,0.0066,137.05
2017-01-08,149.3,-11037,21563,-140978,95.38K,4.52%,0.042300000000000004,142.85
2017-01-15,153.2,-18802,19557,-150091,56.06K,2.61%,0.0452,149.3
2017-01-22,152.4,-25281,24593,-151277,84.00K,-0.52%,0.026099999999999998,153.2
2017-01-29,146.25,-25043,27055,-147058,112.21K,-4.04%,-0.0052,152.4
2017-02-05,145.75,-19881,29403,-161838,112.60K,-0.34%,-0.0404,146.25
2017-02-12,147.8,-17511,30246,-145848,48.50K,1.41%,-0.0034000000000000002,145.75
2017-02-19,144.4,-21489,30405,-153778,0.42K,-2.30%,0.0141,147.8
2017-02-26,141.25,-18395,37943,-126240,0.13K,-2.18%,-0.023,144.4
2017-03-05,139.65,-14276,39679,-107669,0.02K,-1.13%,-0.0218,141.25
2017-03-12,140.8,-10985,38949,-82014,0.03K,0.82%,-0.0113,139.65
2017-03-19,137.6,-13637,30781,-65428,45.01K,-2.27%,0.008199999999999999,140.8
2017-03-26,139.3,-3488,24933,-54278,65.41K,1.24%,-0.0227,137.6
2017-04-02,140.05,-2703,21848,-36846,105.99K,0.54%,0.0124,139.3
2017-04-09,138.9,-4009,28461,-32003,104.99K,-0.82%,0.0054,140.05
2017-04-16,129.85,-10544,36511,-32425,40.86K,-6.52%,-0.008199999999999999,138.9
2017-04-23,131.05,8745,41964,-15056,0.45K,0.92%,-0.0652,129.85
2017-04-30,133.1,12654,50448,3586,0.04K,1.56%,0.0092,131.05
2017-05-07,132.6,10789,49844,16600,0.00K,-0.38%,0.015600000000000001,133.1
2017-05-14,132.1,13168,45493,21972,17.92K,-0.38%,-0.0038,132.6
2017-05-21,131.2,15986,39081,316,72.07K,-0.68%,-0.0038,132.1
2017-05-28,125.55000000000001,18852,40814,17929,78.16K,-4.31%,-0.0068000000000000005,131.2
2017-06-04,126.55000000000001,27011,36442,49153,106.35K,0.80%,-0.0431,125.55000000000001
2017-06-11,123.55000000000001,30665,35726,63072,112.43K,-2.37%,0.008,126.55000000000001
2017-06-18,119.95,35699,36702,86781,26.14K,-2.91%,-0.023700000000000002,123.55000000000001
2017-06-25,124.05,42454,50534,108781,0.15K,3.42%,-0.0291,119.95
2017-07-09,131.7,41057,52531,112519,0.01K,4.07%,0.0342,124.05
2017-07-16,136.55,30740,55933,107615,29.96K,3.68%,0.0407,131.7
2017-07-23,137.85,24703,50411,97280,103.50K,0.95%,0.0368,136.55
2017-07-30,140.15,14735,38477,72967,91.73K,1.67%,0.0095,137.85
2017-08-06,140.3,4560,31942,77075,129.38K,0.11%,0.0167,140.15
2017-08-13,128.05,4120,37738,109699,64.66K,-8.73%,0.0011,140.3
2017-08-20,130.2,19012,47550,126965,19.18K,1.68%,-0.0873,128.05
2017-08-27,127.75000000000001,26362,44976,120955,0.17K,-1.88%,0.0168,130.2
2017-09-03,129.4,31655,46814,111082,0.02K,1.29%,-0.018799999999999997,127.75000000000001
2017-09-10,140.0,32373,44934,95229,0.03K,8.19%,0.0129,129.4
2017-09-17,134.45,19273,38537,72037,57.44K,-3.96%,0.0819,140.0
2017-09-24,128.05,17872,32592,81896,81.18K,-4.76%,-0.039599999999999996,134.45
2017-10-01,130.0,31039,26378,101680,92.60K,1.52%,-0.047599999999999996,128.05
2017-10-08,126.44999999999999,33621,21136,99601,95.96K,-2.73%,0.0152,130.0
2017-10-15,125.25,42316,18264,112205,85.55K,-0.95%,-0.0273,126.44999999999999
2017-10-22,126.6,46967,8090,110112,80.03K,1.08%,-0.0095,125.25
2017-10-29,123.95,46469,6108,76987,128.79K,-2.09%,0.0108,126.6
2017-11-05,127.55000000000001,49399,1755,72483,143.58K,2.90%,-0.0209,123.95
2017-11-12,123.8,46599,-7428,26384,92.14K,-2.94%,0.028999999999999998,127.55000000000001
2017-11-19,124.8,48863,-5566,10452,12.64K,0.81%,-0.0294,123.8
2017-11-26,127.55000000000001,41862,-5446,-76,0.16K,2.20%,0.008100000000000001,124.8
2017-12-03,120.6,37420,1236,-923,0.53K,-5.45%,0.022000000000000002,127.55000000000001
2017-12-10,116.95,55491,16028,87486,0.03K,-3.03%,-0.0545,120.6
2017-12-17,120.39999999999999,58061,20052,105559,58.14K,2.95%,-0.030299999999999997,116.95
2017-12-24,126.2,58558,22776,82830,53.29K,4.82%,0.029500000000000002,120.39999999999999
2017-12-31,128.45,48883,19190,48747,109.99K,1.78%,0.0482,126.2
2018-01-07,122.24999999999999,42828,17947,28192,127.00K,-4.83%,0.0178,128.45
2018-01-14,121.24999999999999,55050,17209,96158,93.66K,-0.82%,-0.0483,122.24999999999999
2018-01-21,125.15,58970,10067,156307,104.80K,3.22%,-0.008199999999999999,121.24999999999999
2018-01-28,120.39999999999999,53965,2518,175421,129.16K,-3.80%,0.0322,125.15
2018-02-04,121.85,56600,-8196,161329,175.10K,1.20%,-0.038,120.39999999999999
2018-02-11,117.95,47736,-8505,148369,101.00K,-3.20%,0.012,121.85
2018-02-18,119.45000000000002,58554,-17414,146702,1.41K,1.27%,-0.032,117.95
2018-02-25,120.35,53355,-21856,164188,0.09K,0.75%,0.0127,119.45000000000002
2018-03-04,118.85,50727,-24007,129575,0.02K,-1.25%,0.0075,120.35
2018-03-11,116.95,52375,-33693,165613,0.03K,-1.60%,-0.0125,118.85
2018-03-18,117.19999999999999,57373,-33483,169338,67.86K,0.21%,-0.016,116.95
2018-03-25,118.15,55978,-35084,171832,70.21K,0.81%,0.0021,117.19999999999999
2018-04-01,117.45000000000002,61685,-37855,170926,138.38K,-0.59%,0.008100000000000001,118.15
2018-04-08,117.30000000000001,57444,-40329,170892,183.79K,-0.13%,-0.0059,117.45000000000002
2018-04-15,115.75,70577,-45330,163197,71.04K,-1.32%,-0.0013,117.30000000000001
2018-04-22,120.35,59134,-50999,171218,0.50K,3.97%,-0.0132,115.75
2018-04-29,120.45000000000002,45485,-48792,160786,0.03K,0.08%,0.0397,120.35
2018-05-06,115.25000000000001,41785,-48059,152887,0.04K,-4.32%,0.0008,120.45000000000002
2018-05-13,113.94999999999999,49735,-49985,150563,0.01K,-1.13%,-0.0432,115.25000000000001
2018-05-20,120.39999999999999,46710,-48900,111779,106.48K,5.66%,-0.0113,113.94999999999999
2018-05-27,122.75,45231,-48021,79590,125.02K,1.95%,0.056600000000000004,120.39999999999999
2018-06-03,117.25000000000001,37372,-37355,42291,188.29K,-4.48%,0.0195,122.75
2018-06-10,115.20000000000002,48050,-31434,46249,148.96K,-1.75%,-0.044800000000000006,117.25000000000001
2018-06-17,113.84999999999998,60409,-28653,48638,34.97K,-1.17%,-0.0175,115.20000000000002
2018-06-24,111.5,60736,-28883,30989,0.12K,-2.06%,-0.011699999999999999,113.84999999999998
2018-07-01,111.25,73139,-28274,61437,0.15K,-0.22%,-0.0206,111.5
2018-07-08,107.05,74448,-28309,69401,0.02K,-3.78%,-0.0022,111.25
2018-07-15,110.65,86413,-19507,102143,17.17K,3.36%,-0.0378,107.05
2018-07-22,110.45,89014,-9179,109235,100.67K,-0.18%,0.0336,110.65
2018-07-29,107.74999999999999,88624,-4124,140930,157.80K,-2.44%,-0.0018,110.45
2018-08-05,107.0,97098,7447,139700,182.00K,-0.70%,-0.024399999999999998,107.74999999999999
2018-08-12,101.2,100533,10531,154477,139.77K,-5.42%,-0.006999999999999999,107.0
2018-08-19,100.55000000000001,106105,9629,182028,41.24K,-0.64%,-0.0542,101.2
2018-08-26,98.1,101878,6089,192725,0.16K,-2.44%,-0.0064,100.55000000000001
2018-09-02,98.8,105336,7068,195701,0.01K,0.71%,-0.024399999999999998,98.1
2018-09-09,95.45,105874,2567,176749,0.02K,-3.39%,0.0070999999999999995,98.8
2018-09-16,99.9,113412,7263,124655,65.27K,4.66%,-0.0339,95.45
2018-09-23,102.45,109097,12233,147236,95.18K,2.55%,0.0466,99.9
2018-09-30,108.95000000000002,97175,25407,155317,160.66K,6.34%,0.0255,102.45
2018-10-07,116.55,86266,36814,97140,170.77K,6.98%,0.0634,108.95000000000002
2018-10-14,122.09999999999998,68110,44476,48046,190.71K,4.76%,0.0698,116.55
2018-10-21,119.65,51983,43276,9226,151.53K,-2.01%,0.047599999999999996,122.09999999999998
2018-10-28,120.04999999999998,44381,39370,-1792,186.23K,0.33%,-0.020099999999999996,119.65
2018-11-04,113.84999999999998,39372,28260,2719,177.12K,-5.16%,0.0033,120.04999999999998
2018-11-11,112.6,42214,23502,25168,86.51K,-1.10%,-0.0516,113.84999999999998
2018-11-18,107.15,38825,22020,41582,11.52K,-4.84%,-0.011000000000000001,112.6
2018-11-25,103.25,38971,23286,54171,0.12K,-3.64%,-0.0484,107.15
2018-12-02,98.8,48545,19325,53864,0.13K,-4.31%,-0.0364,103.25
2018-12-09,96.95,55103,19289,50758,0.06K,-1.87%,-0.0431,98.8
2018-12-16,99.7,60900,12383,77258,48.56K,2.84%,-0.0187,96.95
2019-01-06,103.85,62435,-211,103317,118.73K,2.21%,0.028399999999999998,99.7
2019-01-13,104.95000000000002,67827,-930,73210,103.63K,1.06%,0.022099999999999998,103.85
2019-01-20,106.80000000000001,61650,2004,67001,84.54K,1.76%,0.0106,104.95000000000002
2019-01-27,103.69999999999999,62109,1656,79381,119.46K,-2.90%,0.0176,106.80000000000001
2019-02-03,102.60000000000001,55235,11021,79271,151.76K,-1.06%,-0.028999999999999998,103.69999999999999
2019-02-10,97.95,61785,18615,80521,136.70K,-4.53%,-0.0106,102.60000000000001
2019-02-17,96.45,68971,15497,75789,14.09K,-1.53%,-0.0453,97.95
2019-02-24,96.95,74448,21738,65642,0.15K,0.52%,-0.015300000000000001,96.45
2019-03-03,95.3,75184,34485,94869,0.03K,-1.70%,0.0052,96.95
2019-03-10,94.6,78604,40655,135210,0.01K,-0.73%,-0.017,95.3
2019-03-17,93.9,74939,46084,123183,61.85K,-0.74%,-0.0073,94.6
2019-03-24,94.5,75387,54476,129328,125.35K,0.64%,-0.0074,93.9
2019-03-31,93.2,77303,45529,114099,190.77K,-1.38%,0.0064,94.5
2019-04-07,90.4,71151,26752,96849,207.34K,-3.00%,-0.0138,93.2
2019-04-14,90.2,79067,28429,93687,95.88K,-0.22%,-0.03,90.4
2019-04-21,92.7,75846,29328,77842,1.11K,2.77%,-0.0022,90.2
2019-04-28,89.25,70845,29338,93276,0.17K,-3.72%,0.0277,92.7
2019-05-05,89.45,78206,28427,125651,0.04K,0.22%,-0.037200000000000004,89.25
2019-05-12,87.35,73321,21810,159187,0.03K,-2.35%,0.0022,89.45
2019-05-19,93.3,70449,10119,191757,115.81K,6.81%,-0.0235,87.35
2019-05-26,104.60000000000001,62441,2584,195461,175.02K,12.11%,0.0681,93.3
2019-06-02,100.95,41112,1936,177742,230.37K,-3.49%,0.1211,104.60000000000001
2019-06-09,96.0,39364,-9862,143220,173.33K,-4.90%,-0.0349,100.95
2019-06-16,99.8,40168,-15223,108470,36.63K,3.96%,-0.049,96.0
2019-06-23,108.25,35576,-17972,94177,0.43K,8.47%,0.039599999999999996,99.8
2019-06-30,109.45,23405,-16867,91311,0.16K,1.11%,0.08470000000000001,108.25
2019-07-07,105.2,17803,-26629,89748,0.03K,-3.88%,0.0111,109.45
2019-07-14,105.85,20863,-17778,120012,0.01K,0.62%,-0.0388,105.2
2019-07-21,99.75,23668,-23091,167902,124.48K,-5.76%,0.0062,105.85
2019-07-28,98.15,32570,-18855,147109,117.97K,-1.60%,-0.0576,99.75
2019-08-04,97.3,36583,-1726,160407,143.64K,-0.87%,-0.016,98.15
2019-08-11,92.85,42071,16931,167652,105.67K,-4.57%,-0.0087,97.3
2019-08-18,92.6,47597,29036,173903,37.00K,-0.27%,-0.045700000000000005,92.85
2019-08-25,93.6,46149,32971,192195,0.07K,1.08%,-0.0027,92.6
2019-09-01,96.8,52009,36590,205028,-,3.42%,0.0108,93.6
2019-09-08,99.5,50302,35002,230686,0.00K,2.79%,0.0342,96.8
2019-09-15,98.4,42056,25702,245634,39.62K,-1.11%,0.0279,99.5
2019-09-22,100.9,42848,11453,218332,87.15K,2.54%,-0.0111,98.4
2019-09-29,99.0,40535,-3260,163276,97.17K,-1.88%,0.0254,100.9
2019-10-06,93.7,47787,-4440,183243,136.13K,-5.35%,-0.018799999999999997,99.0
2019-10-13,95.7,58424,-9620,186364,110.74K,2.13%,-0.0535,93.7
2019-10-20,99.45,55374,-7450,215539,117.61K,3.92%,0.0213,95.7
2019-10-27,104.0,50777,-8384,211500,144.99K,4.58%,0.0392,99.45
2019-11-03,109.45,39881,-12325,199668,229.73K,5.24%,0.0458,104.0
2019-11-10,106.15,16700,-21291,172993,122.58K,-3.02%,0.0524,109.45
2019-11-17,114.6,18838,-36008,133394,39.04K,7.96%,-0.0302,106.15
2019-11-24,118.55,7592,-39218,118387,0.11K,3.45%,0.0796,114.6
2019-12-01,123.70000000000002,956,-36061,103432,0.18K,4.34%,0.0345,118.55
2019-12-08,129.45,-14492,-36471,26279,0.15K,4.65%,0.0434,123.70000000000002
2019-12-15,130.7,-20049,-35315,4986,49.52K,0.97%,0.04650000000000001,129.45
2019-12-22,132.5,-21543,-18266,2713,72.09K,1.38%,0.0097,130.7
2019-12-29,126.34999999999998,-21628,-15710,10558,70.89K,-4.64%,0.0138,132.5
2020-01-05,118.95,-20907,-11695,21223,114.60K,-5.86%,-0.0464,126.34999999999998
2020-01-12,112.15000000000002,-16708,-12749,-35987,100.12K,-5.72%,-0.058600000000000006,118.95
2020-01-19,110.15000000000002,-13709,-22818,-70991,97.48K,-1.78%,-0.0572,112.15000000000002
2020-01-26,102.64999999999999,-6529,-31477,-85593,129.86K,-6.81%,-0.0178,110.15000000000002
2020-02-02,98.35,2097,-34296,-77637,147.84K,-4.19%,-0.0681,102.64999999999999
2020-02-09,109.1,14632,-42628,-91609,156.57K,10.93%,-0.04190000000000001,98.35
2020-02-16,108.85000000000001,16523,-40553,-98099,32.43K,-0.23%,0.1093,109.1
2020-02-23,110.1,16229,-41559,-117812,1.52K,1.15%,-0.0023,108.85000000000001
2020-03-01,105.60000000000001,3229,-33277,-74267,0.32K,-4.09%,0.0115,110.1
2020-03-08,107.05,1455,-21447,-26653,0.19K,1.37%,-0.0409,105.60000000000001
2020-03-15,119.7,3820,-4695,5519,24.90K,11.82%,0.0137,107.05
2020-03-22,115.84999999999998,-1942,6467,9897,111.20K,-3.22%,0.1182,119.7
2020-03-29,114.9,-8840,13955,17929,78.15K,-0.82%,-0.0322,115.84999999999998
2020-04-05,118.6,-8701,13123,32230,84.27K,3.22%,-0.008199999999999999,114.9
2020-04-12,116.04999999999998,-9819,15726,43151,55.64K,-2.15%,0.0322,118.6
2020-04-19,105.2,-10079,14233,60063,14.96K,-9.35%,-0.0215,116.04999999999998
2020-04-26,104.45,-6398,15734,75897,0.06K,-0.71%,-0.0935,105.2
2020-05-03,110.1,-3638,13791,54759,0.06K,5.41%,-0.0070999999999999995,104.45
2020-05-10,104.80000000000001,-5283,13447,45763,0.07K,-4.81%,0.0541,110.1
2020-05-17,103.60000000000001,-4629,14201,23694,61.67K,-1.15%,-0.0481,104.80000000000001
2020-05-24,96.3,-47,16190,5381,84.16K,-7.05%,-0.0115,103.60000000000001
2020-05-31,98.9,11163,13403,733,92.38K,2.70%,-0.0705,96.3
2020-06-07,95.2,17489,9799,-9547,119.56K,-3.74%,0.027000000000000003,98.9
2020-06-14,93.75,24153,13653,-22628,78.09K,-1.52%,-0.0374,95.2
2020-06-21,95.65,27669,14227,-40081,0.39K,2.03%,-0.0152,93.75
2020-06-28,102.25,25214,15022,-45920,0.03K,6.90%,0.0203,95.65
2020-07-05,96.15,23843,23745,-62315,0.05K,-5.97%,0.069,102.25
2020-07-12,101.05,23722,30406,-55962,-,5.10%,-0.059699999999999996,96.15
