"Date","Price","Open","High","Low","Vol.","Change %"
"Oct 16, 2020","3,475.88","3,483.88","3,490.12","3,470.62","-","0.01%"
"Oct 15, 2020","3,475.50","3,479.25","3,486.50","3,431.50","1.65M","-0.16%"
"Oct 14, 2020","3,481.00","3,502.00","3,524.00","3,472.00","1.54M","-0.68%"
"Oct 13, 2020","3,504.75","3,534.00","3,535.75","3,491.50","1.62M","-0.79%"
"Oct 12, 2020","3,532.75","3,467.50","3,541.00","3,464.25","1.40M","1.71%"
"Oct 09, 2020","3,473.25","3,447.25","3,480.00","3,445.25","1.19M","1.04%"
"Oct 08, 2020","3,437.50","3,406.25","3,447.25","3,405.50","1.10M","0.90%"
"Oct 07, 2020","3,406.75","3,338.00","3,416.75","3,332.25","1.40M","1.60%"
"Oct 06, 2020","3,353.25","3,392.00","3,421.75","3,330.50","1.70M","-1.17%"
"Oct 05, 2020","3,393.00","3,360.00","3,400.00","3,346.50","1.08M","1.61%"
"Oct 02, 2020","3,339.25","3,367.00","3,375.50","3,300.25","2.03M","-0.85%"
"Oct 01, 2020","3,367.75","3,344.75","3,388.00","3,343.25","1.52M","0.47%"
"Sep 30, 2020","3,352.00","3,330.00","3,384.00","3,291.25","2.17M","0.55%"
"Sep 29, 2020","3,333.75","3,348.75","3,363.00","3,316.50","1.33M","-0.37%"
"Sep 28, 2020","3,346.00","3,291.00","3,351.25","3,287.50","1.50M","1.79%"
"Sep 25, 2020","3,287.25","3,243.50","3,296.25","3,206.50","1.70M","1.52%"
"Sep 24, 2020","3,238.00","3,228.00","3,268.25","3,198.00","2.28M","0.21%"
"Sep 23, 2020","3,231.25","3,303.75","3,319.75","3,221.00","1.98M","-2.06%"
"Sep 22, 2020","3,299.25","3,271.50","3,309.50","3,256.50","1.58M","0.74%"
"Sep 21, 2020","3,275.00","3,314.50","3,326.25","3,217.75","2.45M","-1.27%"
"Sep 18, 2020","3,317.00","3,347.88","3,363.12","3,281.12","-","-1.32%"
"Sep 17, 2020","3,361.50","3,392.75","3,396.50","3,320.50","384.92K","-0.83%"
"Sep 16, 2020","3,389.50","3,405.00","3,429.75","3,384.00","571.75K","-0.46%"
"Sep 15, 2020","3,405.25","3,379.50","3,419.00","3,376.00","874.37K","0.67%"
"Sep 14, 2020","3,382.50","3,350.00","3,402.75","3,345.50","1.38M","1.46%"
"Sep 11, 2020","3,333.75","3,345.25","3,375.00","3,308.75","1.88M","-0.20%"
"Sep 10, 2020","3,340.50","3,396.00","3,424.25","3,327.25","2.33M","-1.76%"
"Sep 09, 2020","3,400.25","3,315.25","3,424.00","3,295.50","2.01M","1.94%"
"Sep 08, 2020","3,335.50","3,420.50","3,447.00","3,327.50","2.73M","-3.03%"
"Sep 07, 2020","3,439.88","3,406.00","3,443.38","3,392.25","-","1.01%"
"Sep 06, 2020","3,405.38","3,414.75","3,421.25","3,382.00","-","-0.35%"
"Sep 04, 2020","3,417.50","3,454.75","3,484.25","3,347.75","2.99M","-1.27%"
"Sep 03, 2020","3,461.50","3,578.75","3,586.50","3,424.50","2.87M","-3.29%"
"Sep 02, 2020","3,579.25","3,529.00","3,587.00","3,526.25","1.85M","1.48%"
"Sep 01, 2020","3,527.00","3,493.25","3,530.00","3,484.25","1.28M","0.80%"
"Aug 31, 2020","3,499.00","3,508.50","3,524.50","3,490.00","1.44M","-0.16%"
"Aug 28, 2020","3,504.50","3,488.00","3,509.50","3,480.75","1.25M","0.55%"
"Aug 27, 2020","3,485.25","3,479.50","3,498.25","3,464.75","1.63M","0.14%"
"Aug 26, 2020","3,480.25","3,444.75","3,483.50","3,436.75","1.28M","1.08%"
"Aug 25, 2020","3,443.00","3,427.00","3,448.75","3,421.75","1.13M","0.45%"
"Aug 24, 2020","3,427.50","3,398.75","3,429.50","3,393.50","1.28M","1.03%"
"Aug 21, 2020","3,392.50","3,383.50","3,396.25","3,356.75","1.22M","0.35%"
"Aug 20, 2020","3,380.75","3,370.25","3,387.00","3,344.75","1.20M","0.24%"
"Aug 19, 2020","3,372.75","3,388.75","3,395.75","3,365.50","1.37M","-0.42%"
"Aug 18, 2020","3,387.00","3,379.25","3,390.75","3,365.25","1.02M","0.21%"
"Aug 17, 2020","3,379.75","3,366.00","3,382.75","3,364.75","759.30K","0.54%"
"Aug 14, 2020","3,361.50","3,369.25","3,380.50","3,350.00","1.08M","-0.19%"
"Aug 13, 2020","3,367.75","3,367.75","3,382.00","3,357.50","1.21M","-0.07%"
"Aug 12, 2020","3,370.00","3,339.50","3,382.50","3,326.25","1.41M","1.20%"
"Aug 11, 2020","3,330.00","3,350.25","3,379.00","3,319.50","1.73M","-0.68%"
"Aug 10, 2020","3,352.75","3,347.00","3,357.25","3,329.00","1.20M","0.24%"
"Aug 07, 2020","3,344.75","3,343.75","3,347.75","3,322.25","1.62M","0.01%"
"Aug 06, 2020","3,344.25","3,317.00","3,345.50","3,300.50","1.35M","0.85%"
"Aug 05, 2020","3,316.00","3,300.75","3,323.25","3,292.00","1.12M","0.48%"
"Aug 04, 2020","3,300.00","3,290.75","3,300.50","3,271.00","1.15M","0.35%"
"Aug 03, 2020","3,288.50","3,272.00","3,295.50","3,254.75","1.25M","0.77%"
"Jul 31, 2020","3,263.50","3,269.25","3,273.75","3,212.50","2.28M","0.45%"
"Jul 30, 2020","3,248.75","3,256.75","3,269.00","3,195.00","2.00M","-0.12%"
"Jul 29, 2020","3,252.50","3,215.00","3,257.00","3,204.25","1.22M","1.23%"
"Jul 28, 2020","3,213.00","3,235.00","3,246.75","3,208.00","1.38M","-0.60%"
"Jul 27, 2020","3,232.25","3,210.75","3,235.00","3,192.00","1.30M","0.88%"
"Jul 24, 2020","3,204.00","3,230.00","3,239.00","3,191.50","1.76M","-0.73%"
"Jul 23, 2020","3,227.50","3,267.75","3,284.50","3,214.25","1.70M","-1.16%"
"Jul 22, 2020","3,265.50","3,249.25","3,271.75","3,227.25","1.35M","0.44%"
"Jul 21, 2020","3,251.25","3,243.75","3,273.25","3,239.25","1.46M","0.18%"
"Jul 20, 2020","3,245.25","3,214.50","3,250.50","3,190.25","1.40M","0.97%"
"Jul 17, 2020","3,214.00","3,198.50","3,225.25","3,194.75","1.26M","0.61%"
"Jul 16, 2020","3,194.50","3,223.25","3,228.50","3,188.50","1.47M","-0.78%"
"Jul 15, 2020","3,219.50","3,204.00","3,233.25","3,192.00","1.94M","1.13%"
"Jul 14, 2020","3,183.50","3,149.75","3,192.25","3,119.00","2.26M","1.12%"
"Jul 13, 2020","3,148.25","3,183.50","3,226.25","3,140.50","2.07M","-0.95%"
"Jul 10, 2020","3,178.50","3,142.25","3,181.25","3,111.50","1.41M","1.19%"
"Jul 09, 2020","3,141.00","3,166.25","3,170.75","3,105.25","1.88M","-0.71%"
"Jul 08, 2020","3,163.50","3,135.25","3,166.25","3,125.50","1.53M","0.86%"
"Jul 07, 2020","3,136.50","3,170.00","3,184.00","3,132.50","1.33M","-1.12%"
"Jul 06, 2020","3,172.00","3,121.25","3,174.50","3,121.25","1.46M","1.81%"
"Jul 03, 2020","3,115.62","3,126.62","3,138.62","3,105.75","-","-0.43%"
"Jul 02, 2020","3,129.00","3,101.75","3,156.50","3,095.50","1.55M","0.84%"
"Jul 01, 2020","3,103.00","3,085.25","3,117.75","3,062.75","1.54M","0.41%"
"Jun 30, 2020","3,090.25","3,046.00","3,101.25","3,030.25","1.72M","1.39%"
"Jun 29, 2020","3,047.75","2,986.25","3,051.25","2,983.50","1.59M","1.36%"
"Jun 26, 2020","3,007.00","3,071.25","3,082.00","2,992.50","2.21M","-2.08%"
"Jun 25, 2020","3,070.75","3,046.75","3,079.50","3,005.00","1.97M","0.71%"
"Jun 24, 2020","3,049.00","3,113.25","3,128.50","3,019.75","2.39M","-2.23%"
"Jun 23, 2020","3,118.50","3,111.75","3,145.75","3,060.00","1.53M","0.25%"
"Jun 22, 2020","3,110.75","3,040.25","3,114.25","3,027.25","1.39M","-1.60%"
"Jun 19, 2020","3,161.26","3,108.25","3,196.00","3,106.75","36.16K","1.68%"
"Jun 18, 2020","3,109.00","3,115.00","3,130.50","3,075.25","373.72K","-0.29%"
"Jun 17, 2020","3,118.00","3,122.00","3,157.75","3,105.00","610.88K","-0.34%"
"Jun 16, 2020","3,128.75","3,076.25","3,167.75","3,071.25","1.38M","1.81%"
"Jun 15, 2020","3,073.00","2,992.75","3,079.25","2,935.00","1.95M","1.26%"
"Jun 12, 2020","3,034.75","3,011.75","3,087.75","2,982.00","2.87M","0.81%"
"Jun 11, 2020","3,010.25","3,183.75","3,188.50","2,996.25","3.53M","-5.52%"
"Jun 10, 2020","3,186.00","3,204.75","3,227.25","3,179.75","2.00M","-0.61%"
"Jun 09, 2020","3,205.50","3,227.75","3,231.00","3,190.00","1.70M","-0.68%"
"Jun 08, 2020","3,227.50","3,192.50","3,231.25","3,183.25","1.60M","1.28%"
"Jun 05, 2020","3,186.75","3,113.25","3,210.50","3,106.50","2.44M","2.45%"
"Jun 04, 2020","3,110.50","3,117.75","3,126.75","3,087.50","1.83M","-0.23%"
"Jun 03, 2020","3,117.75","3,078.00","3,129.50","3,074.25","1.62M","1.32%"
"Jun 02, 2020","3,077.00","3,052.75","3,079.00","3,035.00","1.46M","0.75%"
"Jun 01, 2020","3,054.00","3,029.75","3,059.00","3,008.00","1.28M","0.39%"
"May 29, 2020","3,042.00","3,036.00","3,058.25","2,992.00","2.26M","0.13%"
"May 28, 2020","3,038.00","3,035.00","3,065.50","3,019.50","1.88M","0.08%"
"May 27, 2020","3,035.50","2,994.00","3,039.50","2,965.50","2.11M","1.37%"
"May 26, 2020","2,994.50","2,948.50","3,019.75","2,947.50","1.80M","0.42%"
"May 25, 2020","2,982.12","2,967.38","2,989.88","2,954.38","-","0.51%"
"May 24, 2020","2,967.12","2,947.88","2,968.62","2,947.88","-","0.48%"
"May 22, 2020","2,953.00","2,936.75","2,957.50","2,903.75","1.38M","0.54%"
"May 21, 2020","2,937.00","2,972.25","2,973.50","2,933.00","1.61M","-1.06%"
"May 20, 2020","2,968.50","2,913.50","2,975.75","2,908.50","1.53M","1.70%"
"May 19, 2020","2,918.75","2,945.00","2,976.25","2,914.25","1.57M","-0.99%"
"May 18, 2020","2,948.00","2,859.75","2,964.75","2,850.00","1.78M","3.57%"
"May 15, 2020","2,846.50","2,846.25","2,863.50","2,809.50","1.90M","-0.02%"
"May 14, 2020","2,847.00","2,820.25","2,853.75","2,760.25","2.50M","1.21%"
"May 13, 2020","2,813.00","2,839.75","2,876.75","2,786.00","2.59M","-1.38%"
"May 12, 2020","2,852.50","2,919.25","2,939.25","2,838.00","1.82M","-2.40%"
"May 11, 2020","2,922.75","2,920.75","2,947.00","2,889.75","1.53M","-0.20%"
"May 08, 2020","2,928.50","2,882.00","2,933.00","2,879.75","1.33M","1.68%"
"May 07, 2020","2,880.00","2,832.00","2,895.00","2,823.00","1.49M","1.64%"
"May 06, 2020","2,833.50","2,857.75","2,886.25","2,832.00","1.47M","-0.87%"
"May 05, 2020","2,858.25","2,827.00","2,889.75","2,824.50","1.47M","1.17%"
"May 04, 2020","2,825.25","2,789.00","2,835.75","2,771.00","1.51M","0.12%"
"May 01, 2020","2,821.75","2,871.50","2,879.75","2,811.75","1.65M","-2.78%"
"Apr 30, 2020","2,902.50","2,956.50","2,965.00","2,878.00","2.03M","-1.31%"
"Apr 29, 2020","2,941.00","2,870.50","2,959.75","2,860.75","1.74M","2.57%"
"Apr 28, 2020","2,867.25","2,867.75","2,913.50","2,851.00","1.61M","-0.06%"
"Apr 27, 2020","2,869.00","2,829.00","2,881.25","2,812.75","1.22M","1.40%"
"Apr 24, 2020","2,829.50","2,777.00","2,835.00","2,755.25","1.29M","1.75%"
"Apr 23, 2020","2,780.75","2,790.50","2,836.75","2,772.75","1.70M","-0.28%"
"Apr 22, 2020","2,788.50","2,737.25","2,808.00","2,717.25","1.37M","2.07%"
"Apr 21, 2020","2,732.00","2,807.00","2,833.25","2,717.25","1.97M","-2.65%"
"Apr 20, 2020","2,806.50","2,861.50","2,875.50","2,804.25","1.57M","-2.21%"
"Apr 17, 2020","2,870.00","2,863.00","2,885.00","2,821.00","1.92M","2.96%"
"Apr 16, 2020","2,787.50","2,767.75","2,831.50","2,746.00","1.75M","0.45%"
"Apr 15, 2020","2,775.00","2,843.75","2,845.50","2,751.25","1.83M","-2.39%"
"Apr 14, 2020","2,843.00","2,760.00","2,846.00","2,752.50","1.72M","3.04%"
"Apr 13, 2020","2,759.25","2,811.00","2,819.50","2,711.00","1.57M","-1.00%"
"Apr 10, 2020","2,787.25","2,787.25","2,787.25","2,787.25","-","0.27%"
"Apr 09, 2020","2,779.75","2,737.75","2,809.50","2,701.00","2.34M","1.64%"
"Apr 08, 2020","2,735.00","2,640.50","2,752.50","2,620.75","1.92M","3.52%"
"Apr 07, 2020","2,642.00","2,645.50","2,750.00","2,623.50","2.49M","-0.09%"
"Apr 06, 2020","2,644.50","2,485.00","2,668.50","2,484.75","2.03M","6.51%"
"Apr 03, 2020","2,482.75","2,513.75","2,529.50","2,449.00","1.76M","-1.34%"
"Apr 02, 2020","2,516.50","2,459.00","2,525.00","2,424.75","2.15M","2.80%"
"Apr 01, 2020","2,448.00","2,562.00","2,562.25","2,434.25","2.09M","-4.74%"
"Mar 31, 2020","2,569.75","2,613.25","2,635.75","2,555.75","2.25M","-1.59%"
"Mar 30, 2020","2,611.25","2,459.00","2,621.75","2,445.00","1.84M","3.46%"
"Mar 27, 2020","2,524.00","2,627.75","2,634.50","2,505.25","2.32M","-3.22%"
"Mar 26, 2020","2,608.00","2,471.00","2,625.75","2,402.25","2.41M","5.72%"
"Mar 25, 2020","2,467.00","2,442.75","2,560.75","2,386.00","3.04M","1.19%"
"Mar 24, 2020","2,438.00","2,233.25","2,447.75","2,230.50","2.64M","9.80%"
"Mar 23, 2020","2,220.50","2,220.25","2,386.00","2,174.00","3.08M","-8.92%"
"Mar 20, 2020","2,437.98","2,364.25","2,512.75","2,346.25","71.68K","1.45%"
"Mar 19, 2020","2,403.25","2,414.25","2,474.00","2,288.00","631.23K","-0.45%"
"Mar 18, 2020","2,414.00","2,478.50","2,498.00","2,274.75","976.54K","-3.27%"
"Mar 17, 2020","2,495.50","2,417.25","2,554.50","2,365.00","1.68M","3.28%"
"Mar 16, 2020","2,416.25","2,673.75","2,675.00","2,360.25","2.38M","-10.38%"
"Mar 13, 2020","2,696.00","2,429.50","2,707.75","2,393.50","3.42M","9.19%"
"Mar 12, 2020","2,469.00","2,738.00","2,774.00","2,442.50","4.37M","-9.90%"
"Mar 11, 2020","2,740.25","2,859.50","2,869.50","2,702.75","2.99M","-4.38%"
"Mar 10, 2020","2,865.75","2,733.00","2,884.75","2,695.25","3.42M","4.29%"
"Mar 09, 2020","2,747.75","2,916.00","2,916.00","2,715.00","2.67M","-7.30%"
"Mar 06, 2020","2,964.00","3,024.25","3,037.00","2,898.00","3.16M","-1.71%"
"Mar 05, 2020","3,015.50","3,109.25","3,113.75","2,996.50","2.81M","-3.19%"
"Mar 04, 2020","3,114.75","2,988.25","3,129.50","2,976.50","2.59M","3.93%"
"Mar 03, 2020","2,997.00","3,077.00","3,137.00","2,973.00","3.75M","-2.22%"
"Mar 02, 2020","3,065.00","2,900.00","3,093.25","2,889.25","3.69M","3.86%"
"Feb 28, 2020","2,951.00","2,950.00","2,996.00","2,853.25","5.72M","-0.20%"
"Feb 27, 2020","2,957.00","3,100.25","3,117.00","2,944.50","4.73M","-4.93%"
"Feb 26, 2020","3,110.25","3,138.00","3,182.00","3,091.00","3.89M","-0.71%"
"Feb 25, 2020","3,132.50","3,223.00","3,259.50","3,117.25","4.38M","-2.91%"
"Feb 24, 2020","3,226.25","3,309.00","3,312.00","3,213.75","3.64M","-3.38%"
"Feb 21, 2020","3,339.25","3,367.00","3,369.25","3,328.00","2.29M","-0.89%"
"Feb 20, 2020","3,369.25","3,391.75","3,397.50","3,339.25","2.07M","-0.53%"
"Feb 19, 2020","3,387.25","3,372.00","3,393.75","3,370.75","1.16M","0.53%"
"Feb 18, 2020","3,369.25","3,382.25","3,392.50","3,355.25","1.74M","-0.20%"
"Feb 17, 2020","3,376.00","3,387.62","3,392.38","3,372.12","-","-0.34%"
"Feb 16, 2020","3,387.38","3,382.62","3,389.38","3,382.62","-","0.19%"
"Feb 14, 2020","3,381.00","3,379.50","3,388.50","3,365.25","1.33M","0.10%"
"Feb 13, 2020","3,377.50","3,381.25","3,384.75","3,348.50","1.77M","-0.09%"
"Feb 12, 2020","3,380.50","3,360.50","3,381.50","3,355.50","1.23M","0.69%"
"Feb 11, 2020","3,357.50","3,351.00","3,374.50","3,349.25","1.49M","0.13%"
"Feb 10, 2020","3,353.00","3,322.25","3,353.50","3,303.50","1.40M","0.83%"
"Feb 07, 2020","3,325.50","3,349.00","3,350.00","3,320.75","1.70M","-0.59%"
"Feb 06, 2020","3,345.25","3,337.00","3,357.75","3,332.50","1.46M","0.31%"
"Feb 05, 2020","3,335.00","3,300.25","3,338.00","3,288.25","2.05M","1.08%"
"Feb 04, 2020","3,299.50","3,244.25","3,305.25","3,236.00","1.70M","1.66%"
"Feb 03, 2020","3,245.50","3,222.75","3,267.25","3,222.00","1.92M","0.67%"
"Jan 31, 2020","3,224.00","3,292.00","3,297.50","3,212.75","3.15M","-2.00%"
"Jan 30, 2020","3,289.75","3,271.50","3,295.25","3,239.75","2.42M","0.53%"
"Jan 29, 2020","3,272.50","3,281.75","3,292.75","3,265.25","1.67M","-0.18%"
"Jan 28, 2020","3,278.25","3,239.50","3,285.00","3,238.75","1.91M","1.20%"
"Jan 27, 2020","3,239.50","3,269.75","3,269.75","3,233.00","2.58M","-1.64%"
"Jan 24, 2020","3,293.50","3,326.50","3,337.00","3,280.50","2.52M","-0.98%"
"Jan 23, 2020","3,326.00","3,317.25","3,327.00","3,301.25","1.72M","0.19%"
"Jan 22, 2020","3,319.75","3,321.25","3,337.50","3,315.25","1.51M","0.01%"
"Jan 21, 2020","3,319.50","3,325.00","3,329.75","3,307.25","1.57M","-0.10%"
"Jan 20, 2020","3,322.88","3,327.88","3,328.38","3,318.62","-","-0.06%"
"Jan 17, 2020","3,325.00","3,316.75","3,330.25","3,316.00","1.31M","0.26%"
"Jan 16, 2020","3,316.50","3,294.25","3,318.00","3,294.00","1.34M","0.69%"
"Jan 15, 2020","3,293.75","3,287.75","3,299.00","3,277.75","1.47M","0.17%"
"Jan 14, 2020","3,288.00","3,289.25","3,296.75","3,275.25","1.69M","-0.05%"
"Jan 13, 2020","3,289.75","3,265.75","3,291.00","3,265.50","1.01M","0.77%"
"Jan 10, 2020","3,264.75","3,275.50","3,287.00","3,260.75","1.53M","-0.34%"
"Jan 09, 2020","3,276.00","3,261.25","3,276.75","3,257.75","1.30M","0.48%"
"Jan 08, 2020","3,260.25","3,231.75","3,267.75","3,181.00","2.28M","0.77%"
"Jan 07, 2020","3,235.25","3,243.50","3,254.50","3,226.00","1.29M","-0.25%"
"Jan 06, 2020","3,243.50","3,220.25","3,249.50","3,208.75","1.50M","0.25%"
"Jan 03, 2020","3,235.50","3,261.00","3,263.50","3,206.75","1.76M","-0.72%"
"Jan 02, 2020","3,259.00","3,237.00","3,261.75","3,234.25","1.42M","0.66%"
"Jan 01, 2020","3,237.62","3,236.00","3,240.62","3,234.88","-","0.20%"
"Dec 31, 2019","3,231.00","3,223.25","3,236.25","3,213.00","1.16M","0.23%"
"Dec 30, 2019","3,223.50","3,238.25","3,244.25","3,217.25","1.12M","-0.43%"
"Dec 27, 2019","3,237.50","3,242.00","3,254.00","3,235.50","984.39K","-0.22%"
"Dec 26, 2019","3,244.50","3,227.50","3,244.75","3,227.00","464.64K","0.53%"
"Dec 25, 2019","3,227.38","3,226.25","3,228.12","3,226.25","-","0.05%"
"Dec 24, 2019","3,225.75","3,228.25","3,231.25","3,222.50","297.97K","-0.05%"
"Dec 23, 2019","3,227.25","3,227.00","3,234.25","3,224.25","665.90K","-0.12%"
"Dec 20, 2019","3,231.02","3,208.50","3,220.25","3,204.25","46.15K","0.75%"
"Dec 19, 2019","3,207.10","3,195.00","3,209.00","3,190.25","433.42K","0.39%"
"Dec 18, 2019","3,194.75","3,189.50","3,199.00","3,188.50","582.63K","0.09%"
"Dec 17, 2019","3,192.00","3,192.50","3,199.25","3,187.75","1.03M","-0.07%"
"Dec 16, 2019","3,194.25","3,176.50","3,198.75","3,173.75","1.41M","0.70%"
"Dec 13, 2019","3,172.00","3,175.75","3,185.00","3,156.75","1.83M","0.13%"
"Dec 12, 2019","3,168.00","3,144.00","3,177.50","3,137.25","2.38M","0.80%"
"Dec 11, 2019","3,143.00","3,135.50","3,144.50","3,129.50","1.23M","0.22%"
"Dec 10, 2019","3,136.00","3,133.50","3,143.00","3,116.25","1.43M","0.05%"
"Dec 09, 2019","3,134.50","3,146.50","3,149.50","3,131.25","1.15M","-0.37%"
"Dec 06, 2019","3,146.00","3,117.75","3,151.00","3,117.00","1.30M","0.91%"
"Dec 05, 2019","3,117.75","3,111.00","3,124.75","3,103.25","1.32M","0.22%"
"Dec 04, 2019","3,111.00","3,091.75","3,119.50","3,081.75","1.49M","0.65%"
"Dec 03, 2019","3,091.00","3,114.25","3,121.75","3,069.50","2.15M","-0.75%"
"Dec 02, 2019","3,114.25","3,146.25","3,158.00","3,110.25","1.93M","-0.94%"
"Nov 29, 2019","3,143.75","3,154.75","3,155.00","3,139.50","902.19K","-0.23%"
"Nov 28, 2019","3,151.12","3,144.62","3,151.62","3,142.00","-","-0.08%"
"Nov 27, 2019","3,153.75","3,143.75","3,155.00","3,141.75","928.79K","0.32%"
"Nov 26, 2019","3,143.75","3,131.25","3,145.00","3,128.00","1.07M","0.35%"
"Nov 25, 2019","3,132.75","3,119.00","3,133.50","3,116.50","947.83K","0.68%"
"Nov 22, 2019","3,111.50","3,104.00","3,114.50","3,097.75","995.42K","0.24%"
"Nov 21, 2019","3,104.00","3,097.25","3,114.50","3,091.25","1.43M","-0.16%"
"Nov 20, 2019","3,109.00","3,116.50","3,118.50","3,090.75","1.69M","-0.30%"
"Nov 19, 2019","3,118.50","3,121.50","3,132.50","3,112.75","1.20M","-0.10%"
"Nov 18, 2019","3,121.75","3,119.00","3,127.75","3,111.00","1.03M","0.11%"
"Nov 15, 2019","3,118.25","3,097.00","3,119.50","3,095.75","1.25M","0.69%"
"Nov 14, 2019","3,097.00","3,096.25","3,099.75","3,081.75","1.11M","0.05%"
"Nov 13, 2019","3,095.50","3,091.25","3,097.00","3,075.75","1.25M","0.11%"
"Nov 12, 2019","3,092.00","3,087.75","3,102.00","3,081.25","1.10M","0.15%"
"Nov 11, 2019","3,087.50","3,090.50","3,092.25","3,074.50","844.60K","-0.10%"
"Nov 08, 2019","3,090.50","3,086.25","3,092.50","3,072.50","1.08M","0.15%"
"Nov 07, 2019","3,086.00","3,077.25","3,097.00","3,070.25","1.35M","0.34%"
"Nov 06, 2019","3,075.50","3,071.50","3,078.00","3,063.00","1.08M","0.11%"
"Nov 05, 2019","3,072.00","3,076.75","3,085.75","3,069.75","1.12M","-0.12%"
"Nov 04, 2019","3,075.75","3,064.75","3,083.75","3,064.75","1.18M","0.41%"
"Nov 01, 2019","3,063.25","3,036.00","3,065.00","3,033.00","1.28M","0.91%"
"Oct 31, 2019","3,035.75","3,051.75","3,052.00","3,020.25","1.77M","-0.39%"
"Oct 30, 2019","3,047.75","3,036.50","3,055.00","3,023.25","1.18M","0.40%"
"Oct 29, 2019","3,035.75","3,038.25","3,046.25","3,029.50","1.04M","-0.02%"
"Oct 28, 2019","3,036.25","3,023.00","3,042.75","3,022.75","1.04M","0.53%"
"Oct 25, 2019","3,020.25","3,003.75","3,026.50","3,000.00","1.10M","0.53%"
"Oct 24, 2019","3,004.25","3,006.00","3,015.25","2,998.75","1.06M","-0.05%"
"Oct 23, 2019","3,005.75","2,992.00","3,006.00","2,982.00","1.06M","0.38%"
"Oct 22, 2019","2,994.50","3,006.50","3,014.25","2,988.25","1.13M","-0.40%"
"Oct 21, 2019","3,006.50","2,984.75","3,007.50","2,983.75","886.56K","0.61%"
"Oct 18, 2019","2,988.25","2,997.75","3,001.25","2,975.00","1.34M","-0.33%"
"Oct 17, 2019","2,998.00","2,992.25","3,008.00","2,985.25","1.12M","0.22%"
"Oct 16, 2019","2,991.50","2,996.50","2,997.75","2,984.75","1.15M","-0.21%"
"Oct 15, 2019","2,997.75","2,966.75","3,003.25","2,966.50","1.18M","1.09%"
"Oct 14, 2019","2,965.50","2,968.00","2,982.50","2,953.75","833.67K","-0.18%"
"Oct 11, 2019","2,970.75","2,949.00","2,994.00","2,941.75","1.74M","1.01%"
"Oct 10, 2019","2,941.00","2,920.50","2,954.00","2,881.75","1.58M","0.75%"
"Oct 09, 2019","2,919.00","2,893.50","2,934.25","2,888.25","1.31M","0.92%"
"Oct 08, 2019","2,892.50","2,934.50","2,950.00","2,890.50","1.87M","-1.53%"
"Oct 07, 2019","2,937.50","2,929.75","2,959.50","2,928.00","1.27M","-0.46%"
"Oct 04, 2019","2,951.00","2,911.50","2,953.25","2,896.75","1.50M","1.35%"
"Oct 03, 2019","2,911.75","2,883.75","2,912.50","2,855.00","2.04M","1.08%"
"Oct 02, 2019","2,880.50","2,942.25","2,949.00","2,874.00","2.13M","-1.95%"
"Oct 01, 2019","2,937.75","2,984.00","2,994.50","2,937.00","1.60M","-1.37%"
"Sep 30, 2019","2,978.50","2,976.00","2,986.25","2,964.50","1.16M","0.50%"
"Sep 27, 2019","2,963.75","2,979.75","2,993.00","2,946.25","1.67M","-0.56%"
"Sep 26, 2019","2,980.50","2,985.75","2,995.00","2,964.25","1.35M","-0.19%"
"Sep 25, 2019","2,986.25","2,971.00","2,991.75","2,953.75","1.50M","0.54%"
"Sep 24, 2019","2,970.25","3,001.00","3,012.25","2,958.50","1.94M","-0.89%"
"Sep 23, 2019","2,997.00","2,995.75","3,008.25","2,982.00","1.04M","-0.55%"
"Sep 20, 2019","3,013.61","3,005.50","3,015.50","3,001.75","37.79K","0.25%"
"Sep 19, 2019","3,006.00","3,008.00","3,022.25","2,988.75","372.85K","-0.01%"
"Sep 18, 2019","3,006.25","3,006.00","3,011.00","2,978.50","637.34K","0.02%"
"Sep 17, 2019","3,005.50","3,001.75","3,006.50","2,991.50","1.10M","0.22%"
"Sep 16, 2019","2,999.00","2,993.50","3,003.25","2,981.25","1.20M","-0.25%"
"Sep 13, 2019","3,006.50","3,010.00","3,023.75","3,003.50","1.28M","-0.17%"
"Sep 12, 2019","3,011.75","3,003.00","3,021.75","3,001.00","1.75M","0.32%"
"Sep 11, 2019","3,002.00","2,979.00","3,004.25","2,972.00","1.42M","0.79%"
"Sep 10, 2019","2,978.50","2,979.25","2,985.00","2,957.25","1.49M","0.01%"
"Sep 09, 2019","2,978.25","2,980.25","2,991.50","2,969.50","1.20M","-0.08%"
"Sep 06, 2019","2,980.75","2,970.75","2,988.25","2,970.25","1.18M","0.29%"
"Sep 05, 2019","2,972.00","2,938.00","2,986.50","2,936.50","1.67M","1.14%"
"Sep 04, 2019","2,938.50","2,903.00","2,939.50","2,902.00","1.25M","1.12%"
"Sep 03, 2019","2,906.00","2,901.00","2,926.50","2,889.00","2.00M","0.11%"
"Sep 02, 2019","2,902.88","2,909.12","2,926.50","2,890.50","-","-0.21%"
"Sep 01, 2019","2,908.88","2,923.50","2,923.50","2,893.75","-","-0.54%"
"Aug 30, 2019","2,924.75","2,923.25","2,946.50","2,913.25","1.64M","-0.07%"
"Aug 29, 2019","2,926.75","2,883.25","2,930.75","2,875.25","1.49M","1.28%"
"Aug 28, 2019","2,889.75","2,866.25","2,890.50","2,851.75","1.49M","0.85%"
"Aug 27, 2019","2,865.50","2,882.75","2,899.50","2,860.00","1.53M","-0.62%"
"Aug 26, 2019","2,883.25","2,831.00","2,888.50","2,810.25","1.85M","0.97%"
"Aug 23, 2019","2,855.50","2,920.25","2,936.75","2,834.00","2.86M","-2.28%"
"Aug 22, 2019","2,922.25","2,931.25","2,939.75","2,904.25","1.47M","-0.24%"
"Aug 21, 2019","2,929.25","2,893.25","2,932.50","2,893.00","1.18M","1.07%"
"Aug 20, 2019","2,898.25","2,921.25","2,932.25","2,894.25","1.48M","-0.87%"
"Aug 19, 2019","2,923.75","2,893.00","2,932.25","2,892.50","1.29M","1.12%"
"Aug 16, 2019","2,891.50","2,851.00","2,894.75","2,849.50","1.63M","1.51%"
"Aug 15, 2019","2,848.50","2,836.00","2,871.75","2,817.75","2.50M","0.27%"
"Aug 14, 2019","2,840.75","2,931.00","2,936.50","2,835.75","2.79M","-3.11%"
"Aug 13, 2019","2,932.00","2,882.25","2,944.25","2,866.75","2.18M","1.80%"
"Aug 12, 2019","2,880.25","2,918.75","2,931.00","2,872.50","1.71M","-1.35%"
"Aug 09, 2019","2,919.75","2,928.00","2,935.75","2,899.00","2.03M","-0.69%"
"Aug 08, 2019","2,940.00","2,879.00","2,940.75","2,870.50","1.80M","2.07%"
"Aug 07, 2019","2,880.50","2,873.75","2,891.50","2,823.25","2.68M","0.16%"
"Aug 06, 2019","2,876.00","2,816.25","2,883.75","2,775.75","2.60M","1.63%"
"Aug 05, 2019","2,830.00","2,929.25","2,933.50","2,820.50","3.07M","-3.50%"
"Aug 02, 2019","2,932.50","2,950.25","2,961.00","2,913.50","2.45M","-0.66%"
"Aug 01, 2019","2,952.00","2,970.25","3,014.25","2,944.50","2.74M","-1.01%"
"Jul 31, 2019","2,982.25","3,016.25","3,020.75","2,958.00","1.95M","-1.00%"
"Jul 30, 2019","3,012.25","3,022.25","3,027.50","3,001.50","1.18M","-0.31%"
"Jul 29, 2019","3,021.75","3,022.00","3,027.25","3,015.50","823.57K","-0.09%"
"Jul 26, 2019","3,024.50","3,006.50","3,029.50","3,006.00","961.02K","0.60%"
"Jul 25, 2019","3,006.50","3,018.00","3,027.75","2,998.00","1.33M","-0.50%"
"Jul 24, 2019","3,021.50","3,003.00","3,022.00","2,996.00","1.07M","0.45%"
"Jul 23, 2019","3,008.00","2,988.75","3,008.50","2,987.50","1.06M","0.64%"
"Jul 22, 2019","2,989.00","2,974.50","2,993.50","2,972.50","1.10M","0.40%"
"Jul 19, 2019","2,977.00","3,003.75","3,009.75","2,969.50","1.48M","-0.68%"
"Jul 18, 2019","2,997.50","2,980.75","3,005.25","2,974.50","1.35M","0.42%"
"Jul 17, 2019","2,985.00","3,005.75","3,013.00","2,980.50","1.04M","-0.73%"
"Jul 16, 2019","3,007.00","3,017.25","3,021.75","3,004.50","939.81K","-0.34%"
"Jul 15, 2019","3,017.25","3,015.25","3,023.50","3,010.75","829.94K","0.06%"
"Jul 12, 2019","3,015.50","3,003.00","3,018.00","3,002.25","969.96K","0.38%"
"Jul 11, 2019","3,004.00","2,996.00","3,006.75","2,992.50","1.18M","0.22%"
"Jul 10, 2019","2,997.50","2,982.25","3,007.50","2,971.25","1.42M","0.52%"
"Jul 09, 2019","2,982.00","2,977.75","2,986.25","2,963.50","956.65K","0.12%"
"Jul 08, 2019","2,978.50","2,990.75","2,994.75","2,973.25","1.02M","-0.40%"
"Jul 05, 2019","2,990.50","3,000.75","3,006.00","2,971.25","1.34M","-0.40%"
"Jul 04, 2019","3,002.62","2,999.38","3,003.62","2,997.38","-","0.08%"
"Jul 03, 2019","3,000.25","2,979.00","3,001.50","2,973.75","805.26K","0.70%"
"Jul 02, 2019","2,979.50","2,968.00","2,980.00","2,958.50","1.12M","0.40%"
"Jul 01, 2019","2,967.75","2,970.00","2,981.75","2,955.50","1.46M","0.80%"
"Jun 28, 2019","2,944.25","2,932.75","2,955.25","2,930.00","1.32M","0.45%"
"Jun 27, 2019","2,931.00","2,914.75","2,935.75","2,914.75","1.06M","0.45%"
"Jun 26, 2019","2,918.00","2,922.50","2,939.00","2,914.50","1.23M","-0.14%"
"Jun 25, 2019","2,922.00","2,951.00","2,958.25","2,920.00","1.42M","-1.02%"
"Jun 24, 2019","2,952.00","2,948.00","2,961.75","2,947.25","910.17K","-0.06%"
"Jun 21, 2019","2,953.90","2,953.75","2,956.00","2,944.00","47.73K","-0.06%"
"Jun 20, 2019","2,955.75","2,926.75","2,960.00","2,926.00","473.31K","0.91%"
"Jun 19, 2019","2,929.00","2,920.50","2,932.50","2,909.00","638.95K","0.25%"
"Jun 18, 2019","2,921.75","2,893.50","2,931.75","2,884.50","1.07M","1.03%"
"Jun 17, 2019","2,892.00","2,890.75","2,900.75","2,887.75","1.16M","0.05%"
"Jun 14, 2019","2,890.50","2,893.75","2,898.75","2,880.50","1.26M","-0.14%"
"Jun 13, 2019","2,894.50","2,882.00","2,896.50","2,867.25","1.44M","0.47%"
"Jun 12, 2019","2,881.00","2,887.25","2,891.00","2,875.25","1.21M","-0.21%"
"Jun 11, 2019","2,887.00","2,890.25","2,911.50","2,879.25","1.40M","-0.08%"
"Jun 10, 2019","2,889.25","2,893.25","2,905.75","2,880.50","1.42M","0.50%"
"Jun 07, 2019","2,875.00","2,840.00","2,886.25","2,838.00","1.69M","1.03%"
"Jun 06, 2019","2,845.75","2,820.50","2,853.00","2,812.75","1.57M","0.64%"
"Jun 05, 2019","2,827.75","2,806.50","2,829.50","2,801.00","1.74M","0.81%"
"Jun 04, 2019","2,805.00","2,754.00","2,806.25","2,744.00","1.84M","2.02%"
"Jun 03, 2019","2,749.50","2,741.00","2,763.75","2,728.75","2.30M","-0.11%"
"May 31, 2019","2,752.50","2,788.75","2,791.00","2,750.00","2.21M","-1.36%"
"May 30, 2019","2,790.50","2,779.50","2,799.00","2,776.50","1.28M","0.38%"
"May 29, 2019","2,780.00","2,804.25","2,806.00","2,766.25","2.09M","-0.89%"
"May 28, 2019","2,805.00","2,831.00","2,841.25","2,800.50","1.63M","-1.00%"
"May 27, 2019","2,833.25","2,829.88","2,838.38","2,826.62","-","0.09%"
"May 26, 2019","2,830.62","2,830.88","2,834.88","2,829.38","-","-0.04%"
"May 24, 2019","2,831.75","2,821.75","2,842.00","2,819.25","1.20M","0.43%"
"May 23, 2019","2,819.50","2,857.75","2,858.50","2,805.75","2.01M","-1.33%"
"May 22, 2019","2,857.50","2,864.75","2,869.50","2,848.25","1.26M","-0.30%"
"May 21, 2019","2,866.00","2,848.00","2,870.75","2,846.25","1.30M","0.77%"
"May 20, 2019","2,844.00","2,861.50","2,876.50","2,832.50","1.66M","-0.63%"
"May 17, 2019","2,862.00","2,879.75","2,887.50","2,852.50","1.93M","-0.57%"
"May 16, 2019","2,878.50","2,853.50","2,894.00","2,840.50","1.69M","0.82%"
"May 15, 2019","2,855.00","2,840.75","2,860.00","2,815.00","1.75M","0.55%"
"May 14, 2019","2,839.25","2,806.00","2,853.75","2,799.75","1.80M","1.15%"
"May 13, 2019","2,807.00","2,858.50","2,869.25","2,802.00","2.79M","-2.77%"
"May 10, 2019","2,887.00","2,869.75","2,893.00","2,826.00","2.85M","0.50%"
"May 09, 2019","2,872.75","2,884.00","2,885.50","2,836.25","2.71M","-0.50%"
"May 08, 2019","2,887.25","2,889.75","2,899.50","2,868.75","2.04M","-0.12%"
"May 07, 2019","2,890.75","2,911.75","2,930.50","2,862.50","2.81M","-1.42%"
"May 06, 2019","2,932.50","2,917.75","2,938.25","2,883.50","2.04M","-0.51%"
"May 03, 2019","2,947.50","2,918.50","2,949.50","2,916.50","1.30M","1.03%"
"May 02, 2019","2,917.50","2,916.50","2,932.75","2,901.00","1.81M","-0.19%"
"May 01, 2019","2,923.00","2,955.00","2,961.25","2,916.00","1.50M","-0.86%"
"Apr 30, 2019","2,948.50","2,942.50","2,956.50","2,926.00","1.49M","0.19%"
"Apr 29, 2019","2,943.00","2,939.25","2,951.50","2,937.75","944.85K","0.05%"
"Apr 26, 2019","2,941.50","2,923.75","2,942.75","2,917.25","1.25M","0.52%"
"Apr 25, 2019","2,926.25","2,930.00","2,935.75","2,914.25","1.38M","-0.15%"
"Apr 24, 2019","2,930.75","2,937.25","2,939.75","2,927.75","1.13M","-0.25%"
"Apr 23, 2019","2,938.00","2,911.75","2,939.75","2,908.00","1.19M","0.88%"
"Apr 22, 2019","2,912.50","2,908.75","2,915.75","2,899.00","706.07K","0.07%"
"Apr 19, 2019","2,910.50","2,910.50","2,910.50","2,910.50","-","0.02%"
"Apr 18, 2019","2,910.00","2,901.00","2,911.75","2,889.50","1.34M","0.33%"
"Apr 17, 2019","2,900.50","2,910.25","2,923.50","2,898.50","1.38M","-0.38%"
"Apr 16, 2019","2,911.50","2,910.25","2,921.25","2,904.50","1.12M","0.07%"
"Apr 15, 2019","2,909.50","2,912.00","2,914.50","2,900.50","955.66K","-0.10%"
"Apr 12, 2019","2,912.50","2,892.00","2,914.75","2,890.75","1.23M","0.72%"
"Apr 11, 2019","2,891.75","2,894.75","2,900.00","2,885.25","968.65K","-0.10%"
"Apr 10, 2019","2,894.50","2,882.00","2,896.00","2,878.00","972.31K","0.42%"
"Apr 09, 2019","2,882.50","2,898.50","2,900.00","2,877.25","1.18M","-0.54%"
"Apr 08, 2019","2,898.25","2,896.25","2,899.75","2,884.25","978.91K","0.08%"
"Apr 05, 2019","2,896.00","2,882.50","2,898.00","2,880.50","1.22M","0.46%"
"Apr 04, 2019","2,882.75","2,880.75","2,885.75","2,871.00","1.05M","0.10%"
"Apr 03, 2019","2,879.75","2,866.00","2,889.25","2,865.25","1.24M","0.44%"
"Apr 02, 2019","2,867.00","2,868.50","2,873.75","2,862.25","859.94K","-0.12%"
"Apr 01, 2019","2,870.50","2,844.50","2,873.50","2,844.50","1.26M","1.15%"
"Mar 29, 2019","2,837.75","2,820.50","2,840.75","2,820.25","1.49M","0.59%"
"Mar 28, 2019","2,821.00","2,807.00","2,824.25","2,795.00","1.19M","0.37%"
"Mar 27, 2019","2,810.50","2,823.50","2,831.75","2,791.75","1.73M","-0.44%"
"Mar 26, 2019","2,823.00","2,808.50","2,835.00","2,806.00","1.46M","0.57%"
"Mar 25, 2019","2,807.00","2,813.00","2,818.50","2,789.50","1.80M","-0.13%"
"Mar 22, 2019","2,810.75","2,859.50","2,864.75","2,805.25","2.25M","-1.81%"
"Mar 21, 2019","2,862.50","2,823.75","2,866.00","2,813.75","1.66M","1.26%"
"Mar 20, 2019","2,827.00","2,837.25","2,849.25","2,817.25","1.69M","-0.33%"
"Mar 19, 2019","2,836.50","2,841.50","2,858.75","2,829.00","1.50M","-0.14%"
"Mar 18, 2019","2,840.50","2,827.00","2,842.00","2,824.00","1.04M","1.02%"
"Mar 15, 2019","2,811.89","2,808.00","2,821.50","2,807.50","42.98K","0.17%"
"Mar 14, 2019","2,807.25","2,816.00","2,820.00","2,803.75","330.52K","-0.26%"
"Mar 13, 2019","2,814.50","2,792.25","2,821.25","2,783.00","583.01K","0.81%"
"Mar 12, 2019","2,792.00","2,784.75","2,798.25","2,780.50","958.32K","0.29%"
"Mar 11, 2019","2,784.00","2,745.50","2,787.50","2,736.75","1.30M","1.35%"
"Mar 08, 2019","2,747.00","2,749.00","2,751.50","2,722.00","1.38M","-0.11%"
"Mar 07, 2019","2,750.00","2,770.50","2,776.25","2,738.50","1.92M","-0.78%"
"Mar 06, 2019","2,771.50","2,786.50","2,792.75","2,768.50","1.51M","-0.72%"
"Mar 05, 2019","2,791.50","2,790.50","2,799.00","2,783.25","1.20M","0.00%"
"Mar 04, 2019","2,791.50","2,814.00","2,819.75","2,767.50","1.79M","-0.48%"
"Mar 01, 2019","2,805.00","2,785.25","2,808.25","2,783.00","1.27M","0.73%"
"Feb 28, 2019","2,784.75","2,795.25","2,795.75","2,781.75","1.36M","-0.37%"
"Feb 27, 2019","2,795.00","2,788.00","2,797.25","2,775.00","1.14M","0.13%"
"Feb 26, 2019","2,791.50","2,795.75","2,803.50","2,783.25","1.20M","-0.20%"
"Feb 25, 2019","2,797.00","2,799.50","2,814.00","2,794.50","1.26M","0.21%"
"Feb 22, 2019","2,791.25","2,773.50","2,795.50","2,770.50","1.19M","0.61%"
"Feb 21, 2019","2,774.25","2,787.00","2,798.00","2,764.25","1.43M","-0.46%"
"Feb 20, 2019","2,787.00","2,777.75","2,790.75","2,773.25","1.28M","0.30%"
"Feb 19, 2019","2,778.75","2,777.00","2,787.50","2,766.00","1.20M","0.10%"
"Feb 18, 2019","2,775.88","2,778.12","2,780.12","2,773.38","-","-0.10%"
"Feb 17, 2019","2,778.62","2,777.25","2,781.38","2,775.25","-","0.06%"
"Feb 15, 2019","2,777.00","2,741.25","2,778.50","2,729.00","1.52M","1.22%"
"Feb 14, 2019","2,743.50","2,749.25","2,763.00","2,730.25","1.68M","-0.22%"
"Feb 13, 2019","2,749.50","2,743.50","2,762.00","2,742.75","1.21M","0.17%"
"Feb 12, 2019","2,744.75","2,707.00","2,748.00","2,705.50","1.31M","1.35%"
"Feb 11, 2019","2,708.25","2,710.75","2,721.50","2,700.50","1.11M","0.07%"
"Feb 08, 2019","2,706.25","2,702.00","2,709.00","2,680.75","1.58M","0.08%"
"Feb 07, 2019","2,704.00","2,727.00","2,729.25","2,685.50","1.92M","-0.93%"
"Feb 06, 2019","2,729.50","2,730.75","2,736.50","2,722.25","1.20M","-0.05%"
"Feb 05, 2019","2,731.00","2,719.50","2,737.75","2,716.25","1.23M","0.36%"
"Feb 04, 2019","2,721.25","2,699.25","2,725.00","2,697.00","1.02M","0.63%"
"Feb 01, 2019","2,704.25","2,707.75","2,716.00","2,695.50","1.47M","-0.01%"
"Jan 31, 2019","2,704.50","2,683.50","2,713.00","2,675.75","1.94M","0.82%"
"Jan 30, 2019","2,682.50","2,648.50","2,689.75","2,636.25","1.56M","1.60%"
"Jan 29, 2019","2,640.25","2,640.25","2,650.00","2,628.50","1.26M","-0.07%"
"Jan 28, 2019","2,642.00","2,660.00","2,663.50","2,622.25","1.41M","-0.81%"
"Jan 25, 2019","2,663.50","2,636.25","2,672.50","2,634.50","1.39M","1.12%"
"Jan 24, 2019","2,634.00","2,635.00","2,647.50","2,626.00","1.27M","-0.16%"
"Jan 23, 2019","2,638.25","2,630.75","2,653.75","2,612.50","1.58M","0.24%"
"Jan 22, 2019","2,632.00","2,669.25","2,673.50","2,616.50","1.88M","-1.17%"
"Jan 21, 2019","2,663.25","2,668.12","2,669.38","2,655.25","-","-0.19%"
"Jan 20, 2019","2,668.38","2,676.50","2,677.50","2,667.38","-","-0.12%"
"Jan 18, 2019","2,671.50","2,636.75","2,677.75","2,632.75","1.75M","1.38%"
"Jan 17, 2019","2,635.25","2,614.50","2,645.50","2,596.50","1.51M","0.84%"
"Jan 16, 2019","2,613.25","2,605.75","2,626.25","2,602.50","1.33M","0.30%"
"Jan 15, 2019","2,605.50","2,581.50","2,613.75","2,580.00","1.53M","0.97%"
"Jan 14, 2019","2,580.50","2,588.50","2,592.00","2,567.25","1.20M","-0.56%"
"Jan 11, 2019","2,595.00","2,594.00","2,597.75","2,577.00","1.21M","0.04%"
"Jan 10, 2019","2,594.00","2,580.00","2,599.50","2,560.50","1.53M","0.45%"
"Jan 09, 2019","2,582.50","2,569.50","2,596.75","2,568.50","1.60M","0.39%"
"Jan 08, 2019","2,572.50","2,553.25","2,581.25","2,547.50","1.66M","0.86%"
"Jan 07, 2019","2,550.50","2,537.25","2,567.50","2,523.25","1.63M","0.76%"
"Jan 04, 2019","2,531.25","2,451.75","2,539.25","2,438.50","2.35M","3.41%"
"Jan 03, 2019","2,447.75","2,482.25","2,493.50","2,443.25","2.26M","-2.52%"
"Jan 02, 2019","2,511.00","2,508.00","2,521.25","2,452.25","1.97M","-0.24%"
"Jan 01, 2019","2,517.00","2,505.25","2,520.88","2,505.25","-","0.47%"
"Dec 31, 2018","2,505.25","2,495.50","2,513.00","2,482.75","1.41M","0.77%"
"Dec 28, 2018","2,486.00","2,491.50","2,523.00","2,472.75","2.01M","-0.36%"
"Dec 27, 2018","2,495.00","2,470.25","2,498.75","2,397.00","2.28M","0.97%"
"Dec 26, 2018","2,471.00","2,348.50","2,477.75","2,316.75","2.02M","5.35%"
"Dec 25, 2018","2,345.62","2,341.50","2,349.38","2,317.38","-","0.17%"
"Dec 24, 2018","2,341.75","2,407.75","2,434.50","2,340.50","1.29M","-4.76%"
"Dec 21, 2018","2,458.90","2,487.00","2,491.25","2,466.75","65.70K","-1.08%"
"Dec 20, 2018","2,485.75","2,503.50","2,517.50","2,441.00","630.21K","-0.70%"
"Dec 19, 2018","2,503.25","2,530.50","2,593.25","2,488.00","823.82K","-1.28%"
"Dec 18, 2018","2,535.75","2,553.75","2,574.75","2,528.00","1.22M","-0.66%"
"Dec 17, 2018","2,552.50","2,594.00","2,613.75","2,530.50","1.60M","-1.90%"
"Dec 14, 2018","2,602.00","2,646.50","2,648.75","2,594.00","1.66M","-1.64%"
"Dec 13, 2018","2,645.50","2,653.00","2,671.00","2,637.25","2.04M","-0.26%"
"Dec 12, 2018","2,652.50","2,632.50","2,686.50","2,631.75","1.90M","0.43%"
"Dec 11, 2018","2,641.25","2,644.00","2,678.00","2,621.25","2.27M","-0.07%"
"Dec 10, 2018","2,643.00","2,625.00","2,648.50","2,583.00","2.56M","0.27%"
"Dec 07, 2018","2,636.00","2,694.25","2,709.75","2,623.25","2.60M","-2.04%"
"Dec 06, 2018","2,691.00","2,713.25","2,714.00","2,621.25","3.31M","-0.40%"
"Dec 05, 2018","2,701.75","2,699.50","2,720.75","2,698.00","184.90K","0.00%"
"Dec 04, 2018","2,701.75","2,789.75","2,790.50","2,696.00","2.71M","-3.19%"
"Dec 03, 2018","2,790.75","2,793.50","2,814.00","2,773.50","1.91M","1.18%"
"Nov 30, 2018","2,758.25","2,742.00","2,764.75","2,729.00","1.48M","0.51%"
"Nov 29, 2018","2,744.25","2,738.00","2,754.50","2,723.25","1.49M","0.10%"
"Nov 28, 2018","2,741.50","2,686.25","2,745.00","2,681.00","1.87M","2.16%"
"Nov 27, 2018","2,683.50","2,661.00","2,686.75","2,655.25","1.50M","0.51%"
"Nov 26, 2018","2,670.00","2,633.50","2,676.25","2,631.50","1.37M","1.54%"
"Nov 23, 2018","2,629.50","2,650.00","2,656.25","2,626.00","872.86K","-0.45%"
"Nov 22, 2018","2,641.50","2,650.50","2,656.25","2,629.00","-","-0.28%"
"Nov 21, 2018","2,649.00","2,639.75","2,671.25","2,632.25","1.45M","0.34%"
"Nov 20, 2018","2,640.00","2,696.25","2,696.75","2,631.75","2.53M","-2.09%"
"Nov 19, 2018","2,696.25","2,733.00","2,748.00","2,681.50","1.99M","-1.70%"
"Nov 16, 2018","2,743.00","2,731.75","2,748.75","2,708.75","1.88M","0.31%"
"Nov 15, 2018","2,734.50","2,702.00","2,736.75","2,671.25","2.38M","1.33%"
"Nov 14, 2018","2,698.50","2,731.25","2,748.25","2,686.25","2.30M","-1.06%"
"Nov 13, 2018","2,727.50","2,732.00","2,755.75","2,714.50","2.10M","-0.01%"
"Nov 12, 2018","2,727.75","2,778.75","2,795.25","2,722.25","1.92M","-1.84%"
"Nov 09, 2018","2,779.00","2,804.00","2,811.25","2,764.50","1.72M","-1.06%"
"Nov 08, 2018","2,808.75","2,815.75","2,818.00","2,795.00","1.32M","-0.28%"
"Nov 07, 2018","2,816.50","2,756.75","2,817.75","2,744.75","1.89M","2.08%"
"Nov 06, 2018","2,759.00","2,739.00","2,761.00","2,729.75","1.27M","0.71%"
"Nov 05, 2018","2,739.50","2,722.50","2,743.75","2,712.75","1.31M","0.56%"
"Nov 02, 2018","2,724.25","2,724.00","2,766.25","2,699.50","2.37M","-0.50%"
"Nov 01, 2018","2,738.00","2,706.00","2,741.25","2,705.50","1.82M","1.00%"
"Oct 31, 2018","2,711.00","2,690.75","2,737.25","2,682.00","2.47M","0.96%"
"Oct 30, 2018","2,685.25","2,639.00","2,690.25","2,633.25","2.50M","1.58%"
"Oct 29, 2018","2,643.50","2,667.00","2,707.00","2,603.00","2.79M","-0.97%"
"Oct 26, 2018","2,669.50","2,678.00","2,692.75","2,627.25","3.51M","-0.70%"
"Oct 25, 2018","2,688.25","2,673.75","2,723.75","2,658.75","2.54M","0.90%"
"Oct 24, 2018","2,664.25","2,745.25","2,750.00","2,652.25","2.86M","-2.99%"
"Oct 23, 2018","2,746.25","2,755.75","2,757.50","2,692.25","2.85M","-0.37%"
"Oct 22, 2018","2,756.50","2,758.00","2,782.00","2,749.75","1.67M","-0.40%"
"Oct 19, 2018","2,767.50","2,774.75","2,800.50","2,762.25","2.02M","-0.17%"
"Oct 18, 2018","2,772.25","2,813.25","2,814.75","2,756.50","2.22M","-1.56%"
"Oct 17, 2018","2,816.25","2,816.25","2,824.25","2,783.25","1.95M","-0.05%"
"Oct 16, 2018","2,817.75","2,747.50","2,819.00","2,745.50","1.78M","2.50%"
"Oct 15, 2018","2,749.00","2,770.00","2,778.75","2,745.25","1.76M","-0.70%"
"Oct 12, 2018","2,768.50","2,748.50","2,785.00","2,732.25","2.85M","0.84%"
"Oct 11, 2018","2,745.50","2,776.50","2,798.75","2,712.25","4.01M","-1.28%"
"Oct 10, 2018","2,781.00","2,886.75","2,891.25","2,771.50","3.46M","-3.71%"
"Oct 09, 2018","2,888.25","2,892.25","2,900.00","2,874.50","1.77M","-0.19%"
"Oct 08, 2018","2,893.75","2,897.50","2,898.25","2,866.00","1.76M","-0.01%"
"Oct 05, 2018","2,894.00","2,910.00","2,915.50","2,873.25","2.29M","-0.47%"
"Oct 04, 2018","2,907.75","2,926.00","2,926.25","2,887.75","2.17M","-0.81%"
"Oct 03, 2018","2,931.50","2,929.00","2,944.75","2,924.75","1.24M","0.10%"
"Oct 02, 2018","2,928.50","2,929.25","2,936.00","2,917.50","1.13M","-0.05%"
"Oct 01, 2018","2,930.00","2,922.50","2,942.00","2,922.50","1.24M","0.38%"
"Sep 28, 2018","2,919.00","2,922.25","2,925.50","2,908.00","1.43M","-0.03%"
"Sep 27, 2018","2,920.00","2,911.50","2,932.00","2,907.50","1.21M","0.29%"
"Sep 26, 2018","2,911.50","2,922.50","2,936.00","2,907.50","1.31M","-0.33%"
"Sep 25, 2018","2,921.25","2,926.50","2,934.25","2,918.25","1.03M","-0.15%"
"Sep 24, 2018","2,925.50","2,929.50","2,930.25","2,917.75","1.16M","-0.51%"
"Sep 21, 2018","2,940.45","2,934.75","2,944.00","2,932.25","38.48K","0.22%"
"Sep 20, 2018","2,934.00","2,911.25","2,935.75","2,908.25","360.70K","0.82%"
"Sep 19, 2018","2,910.00","2,907.75","2,913.75","2,900.75","563.50K","0.12%"
"Sep 18, 2018","2,906.50","2,890.50","2,912.50","2,878.50","986.83K","0.54%"
"Sep 17, 2018","2,891.00","2,903.50","2,906.25","2,887.25","1.16M","-0.52%"
"Sep 14, 2018","2,906.25","2,904.75","2,912.25","2,896.75","1.20M","0.03%"
"Sep 13, 2018","2,905.25","2,887.00","2,907.00","2,884.75","1.64M","0.58%"
"Sep 12, 2018","2,888.50","2,890.00","2,895.25","2,879.50","1.58M","-0.04%"
"Sep 11, 2018","2,889.75","2,879.75","2,893.00","2,867.25","1.27M","0.33%"
"Sep 10, 2018","2,880.25","2,873.75","2,888.25","2,873.25","1.25M","0.19%"
"Sep 07, 2018","2,874.75","2,877.75","2,885.00","2,865.00","1.69M","-0.15%"
"Sep 06, 2018","2,879.00","2,888.50","2,893.00","2,868.00","1.63M","-0.32%"
"Sep 05, 2018","2,888.25","2,898.75","2,900.50","2,877.50","1.60M","-0.35%"
"Sep 04, 2018","2,898.25","2,906.50","2,912.50","2,885.50","1.61M","-0.28%"
"Sep 03, 2018","2,906.25","2,906.50","2,912.50","2,902.50","-","-0.01%"
"Sep 02, 2018","2,906.50","2,906.75","2,907.00","2,904.75","-","0.16%"
"Aug 31, 2018","2,902.00","2,898.00","2,907.50","2,891.75","1.32M","0.00%"
"Aug 30, 2018","2,902.00","2,915.75","2,916.25","2,895.50","1.33M","-0.44%"
"Aug 29, 2018","2,914.75","2,900.50","2,917.50","2,897.50","1.11M","0.53%"
"Aug 28, 2018","2,899.25","2,899.00","2,906.25","2,894.25","902.71K","0.03%"
"Aug 27, 2018","2,898.50","2,877.75","2,899.50","2,876.75","961.50K","0.76%"
"Aug 24, 2018","2,876.75","2,858.25","2,877.50","2,856.25","1.06M","0.66%"
"Aug 23, 2018","2,858.00","2,861.75","2,869.75","2,854.75","1.05M","-0.11%"
"Aug 22, 2018","2,861.25","2,853.00","2,868.25","2,846.25","996.43K","-0.02%"
"Aug 21, 2018","2,861.75","2,856.75","2,874.00","2,852.00","1.06M","0.11%"
"Aug 20, 2018","2,858.50","2,851.75","2,860.75","2,850.25","817.38K","0.22%"
"Aug 17, 2018","2,852.25","2,843.50","2,857.00","2,835.00","1.20M","0.26%"
"Aug 16, 2018","2,844.75","2,822.25","2,851.75","2,817.50","1.27M","0.83%"
"Aug 15, 2018","2,821.25","2,841.75","2,843.00","2,803.00","1.87M","-0.70%"
"Aug 14, 2018","2,841.00","2,826.75","2,843.50","2,825.75","1.02M","0.55%"
"Aug 13, 2018","2,825.50","2,835.75","2,843.75","2,820.00","1.28M","-0.40%"
"Aug 10, 2018","2,836.75","2,852.50","2,852.75","2,826.00","1.42M","-0.60%"
"Aug 09, 2018","2,853.75","2,853.50","2,862.75","2,850.50","696.70K","-0.05%"
"Aug 08, 2018","2,855.25","2,860.50","2,862.50","2,852.50","745.41K","-0.16%"
"Aug 07, 2018","2,859.75","2,849.25","2,863.75","2,848.25","780.22K","0.34%"
"Aug 06, 2018","2,850.00","2,841.50","2,853.50","2,835.00","797.32K","0.37%"
"Aug 03, 2018","2,839.50","2,830.75","2,841.50","2,824.75","922.24K","0.39%"
"Aug 02, 2018","2,828.50","2,814.00","2,831.25","2,791.00","1.24M","0.63%"
"Aug 01, 2018","2,810.75","2,824.25","2,825.75","2,805.50","1.10M","-0.22%"
"Jul 31, 2018","2,817.00","2,805.50","2,827.75","2,802.75","1.37M","0.49%"
"Jul 30, 2018","2,803.25","2,816.00","2,821.75","2,798.25","1.17M","-0.51%"
"Jul 27, 2018","2,817.50","2,840.25","2,847.00","2,808.75","1.49M","-0.88%"
"Jul 26, 2018","2,842.50","2,835.25","2,846.50","2,833.25","1.04M","0.04%"
"Jul 25, 2018","2,841.25","2,819.25","2,849.50","2,814.00","1.30M","0.72%"
"Jul 24, 2018","2,821.00","2,810.50","2,831.25","2,810.25","1.35M","0.32%"
"Jul 23, 2018","2,812.00","2,805.25","2,812.50","2,792.50","812.48K","0.40%"
"Jul 20, 2018","2,800.75","2,805.50","2,810.50","2,793.00","1.01M","-0.16%"
"Jul 19, 2018","2,805.25","2,814.50","2,818.00","2,800.25","1.08M","-0.38%"
"Jul 18, 2018","2,816.00","2,813.00","2,818.25","2,806.75","860.52K","0.17%"
"Jul 17, 2018","2,811.25","2,795.75","2,815.75","2,789.75","1.06M","0.53%"
"Jul 16, 2018","2,796.50","2,804.75","2,809.00","2,795.00","801.61K","-0.24%"
"Jul 13, 2018","2,803.25","2,798.50","2,807.25","2,793.25","952.31K","0.17%"
"Jul 12, 2018","2,798.50","2,776.75","2,801.00","2,773.75","1.12M","0.88%"
"Jul 11, 2018","2,774.00","2,780.75","2,787.75","2,765.75","1.37M","-0.81%"
"Jul 10, 2018","2,796.75","2,787.50","2,797.75","2,780.50","925.71K","0.33%"
"Jul 09, 2018","2,787.50","2,762.00","2,788.00","2,761.75","970.34K","0.89%"
"Jul 06, 2018","2,763.00","2,737.00","2,766.25","2,731.25","1.29M","0.89%"
"Jul 05, 2018","2,738.50","2,713.00","2,739.75","2,710.75","1.17M","0.69%"
"Jul 04, 2018","2,719.75","2,713.00","2,724.00","2,712.25","-","0.24%"
"Jul 03, 2018","2,713.25","2,727.25","2,741.50","2,712.00","860.53K","-0.51%"
"Jul 02, 2018","2,727.25","2,721.00","2,728.50","2,698.50","1.21M","0.21%"
"Jun 29, 2018","2,721.50","2,720.00","2,745.50","2,716.75","1.64M","0.07%"
"Jun 28, 2018","2,719.50","2,705.00","2,726.25","2,693.25","1.68M","0.54%"
"Jun 27, 2018","2,705.00","2,726.50","2,748.00","2,701.00","2.12M","-0.86%"
"Jun 26, 2018","2,728.50","2,721.75","2,735.25","2,714.75","1.40M","0.23%"
"Jun 25, 2018","2,722.25","2,757.00","2,758.00","2,700.50","2.21M","-1.35%"
"Jun 22, 2018","2,759.50","2,750.50","2,768.50","2,749.25","1.11M","0.25%"
"Jun 21, 2018","2,752.50","2,771.75","2,785.25","2,747.00","1.49M","-0.70%"
"Jun 20, 2018","2,772.00","2,765.25","2,778.25","2,757.25","1.08M","0.21%"
"Jun 19, 2018","2,766.25","2,778.25","2,780.25","2,735.75","1.66M","-0.49%"
"Jun 18, 2018","2,779.75","2,780.00","2,786.75","2,761.25","993.12K","0.10%"
"Jun 15, 2018","2,776.85","2,782.50","2,784.00","2,766.25","45.30K","-0.23%"
"Jun 14, 2018","2,783.25","2,773.25","2,789.25","2,767.50","398.11K","0.32%"
"Jun 13, 2018","2,774.25","2,788.00","2,791.75","2,773.75","614.17K","-0.35%"
"Jun 12, 2018","2,784.00","2,781.25","2,789.75","2,778.50","988.75K","0.04%"
"Jun 11, 2018","2,783.00","2,771.00","2,790.50","2,770.50","1.22M","0.15%"
"Jun 08, 2018","2,778.75","2,771.00","2,779.75","2,752.00","1.37M","0.23%"
"Jun 07, 2018","2,772.25","2,773.25","2,779.75","2,760.00","1.77M","0.00%"
"Jun 06, 2018","2,772.25","2,751.00","2,774.75","2,748.00","1.33M","0.75%"
"Jun 05, 2018","2,751.50","2,746.00","2,753.25","2,739.00","1.03M","0.22%"
"Jun 04, 2018","2,745.50","2,731.00","2,749.25","2,729.00","857.85K","0.43%"
"Jun 01, 2018","2,733.75","2,707.50","2,737.00","2,706.00","1.24M","1.04%"