"Date","Price","Open","High","Low","Change %"
"Oct 06, 2020","3,829.59","3,829.59","3,829.59","3,829.59","0.05%"
"Oct 05, 2020","3,827.84","3,872.00","3,878.24","3,827.38","-1.14%"
"Oct 04, 2020","3,872.00","3,872.00","3,872.00","3,872.00","0.06%"
"Oct 02, 2020","3,869.75","3,845.50","3,905.45","3,845.50","0.69%"
"Oct 01, 2020","3,843.25","3,827.00","3,858.50","3,797.32","0.47%"
"Sep 30, 2020","3,825.25","3,886.95","3,907.00","3,826.81","-1.54%"
"Sep 29, 2020","3,885.20","3,873.00","3,896.85","3,859.17","0.36%"
"Sep 28, 2020","3,871.25","3,887.00","3,887.47","3,830.20","-0.35%"
"Sep 25, 2020","3,885.00","3,827.00","3,893.85","3,824.43","1.57%"
"Sep 24, 2020","3,825.00","3,862.18","3,908.32","3,826.38","-0.75%"
"Sep 23, 2020","3,853.75","3,827.65","3,875.10","3,823.91","0.90%"
"Sep 22, 2020","3,819.34","3,789.50","3,841.65","3,777.77","1.03%"
"Sep 21, 2020","3,780.23","3,730.00","3,802.48","3,728.10","1.38%"
"Sep 18, 2020","3,728.88","3,715.11","3,739.00","3,710.59","0.41%"
"Sep 17, 2020","3,713.80","3,687.50","3,729.00","3,686.00","0.75%"
"Sep 16, 2020","3,686.00","3,700.10","3,720.00","3,680.16","-0.08%"
"Sep 15, 2020","3,689.00","3,691.91","3,704.26","3,668.11","-0.00%"
"Sep 14, 2020","3,689.13","3,705.50","3,723.50","3,667.00","-0.40%"
"Sep 11, 2020","3,703.88","3,710.10","3,726.10","3,688.00","-0.12%"
"Sep 10, 2020","3,708.48","3,713.91","3,716.66","3,675.00","0.08%"
"Sep 09, 2020","3,705.34","3,739.00","3,739.38","3,708.52","-0.85%"
"Sep 08, 2020","3,737.00","3,715.00","3,773.36","3,713.31","0.73%"
"Sep 07, 2020","3,710.00","3,715.00","3,717.06","3,712.94","-0.09%"
"Sep 04, 2020","3,713.38","3,691.10","3,723.00","3,671.60","0.67%"
"Sep 03, 2020","3,688.53","3,658.00","3,696.96","3,620.71","0.89%"
"Sep 02, 2020","3,656.00","3,679.00","3,691.77","3,641.75","-0.37%"
"Sep 01, 2020","3,669.69","3,740.45","3,741.76","3,662.50","-1.87%"
"Aug 31, 2020","3,739.71","3,745.50","3,767.20","3,728.57","-0.11%"
"Aug 28, 2020","3,744.00","3,816.43","3,837.24","3,739.40","-1.85%"
"Aug 27, 2020","3,814.46","3,839.10","3,850.00","3,805.19","-0.39%"
"Aug 26, 2020","3,829.41","3,867.90","3,881.20","3,826.25","-0.87%"
"Aug 25, 2020","3,863.08","3,856.50","3,888.00","3,834.57","0.25%"
"Aug 24, 2020","3,853.44","3,836.00","3,859.00","3,808.50","0.53%"
"Aug 21, 2020","3,833.25","3,804.00","3,848.17","3,790.77","0.80%"
"Aug 20, 2020","3,802.66","3,757.25","3,805.21","3,757.25","1.26%"
"Aug 19, 2020","3,755.33","3,784.75","3,795.27","3,754.80","-0.76%"
"Aug 18, 2020","3,783.91","3,793.00","3,799.06","3,771.51","0.10%"
"Aug 17, 2020","3,780.25","3,793.00","3,803.82","3,773.57","-0.26%"
"Aug 14, 2020","3,790.25","3,772.00","3,796.51","3,764.35","0.75%"
"Aug 13, 2020","3,762.03","3,758.30","3,777.00","3,745.13","0.19%"
"Aug 12, 2020","3,755.00","3,742.99","3,763.57","3,735.36","0.62%"
"Aug 11, 2020","3,731.83","3,777.65","3,778.79","3,735.34","-0.90%"
"Aug 10, 2020","3,765.54","3,743.00","3,782.90","3,738.70","0.60%"
"Aug 07, 2020","3,743.00","3,743.00","3,767.44","3,741.22","0.00%"
"Aug 06, 2020","3,743.00","3,775.50","3,788.00","3,737.00","-0.87%"
"Aug 05, 2020","3,776.00","3,782.00","3,786.59","3,758.90","-0.13%"
"Aug 04, 2020","3,781.00","3,770.10","3,803.50","3,766.33","0.40%"
"Aug 03, 2020","3,765.83","3,733.33","3,773.70","3,728.78","0.87%"
"Jul 31, 2020","3,733.33","3,722.10","3,739.10","3,717.66","0.29%"
"Jul 30, 2020","3,722.50","3,705.90","3,752.40","3,701.35","0.45%"
"Jul 29, 2020","3,706.00","3,724.90","3,731.95","3,696.85","-0.48%"
"Jul 28, 2020","3,724.00","3,675.50","3,739.65","3,672.16","1.36%"
"Jul 27, 2020","3,674.17","3,694.00","3,694.15","3,669.30","-0.54%"
"Jul 24, 2020","3,694.00","3,668.70","3,703.47","3,662.67","0.77%"
"Jul 23, 2020","3,665.70","3,637.00","3,669.46","3,632.90","0.79%"
"Jul 22, 2020","3,637.00","3,623.25","3,640.34","3,618.27","0.39%"
"Jul 21, 2020","3,623.00","3,653.10","3,653.47","3,614.00","-0.74%"
"Jul 20, 2020","3,650.07","3,653.10","3,658.35","3,643.54","-0.08%"
"Jul 17, 2020","3,653.10","3,644.50","3,666.00","3,635.08","0.34%"
"Jul 16, 2020","3,640.72","3,623.80","3,644.71","3,618.88","0.55%"
"Jul 15, 2020","3,620.80","3,624.00","3,624.42","3,599.61","-0.09%"
"Jul 14, 2020","3,624.00","3,620.10","3,648.96","3,616.98","0.18%"
"Jul 13, 2020","3,617.49","3,610.00","3,623.48","3,606.00","0.21%"
"Jul 10, 2020","3,610.00","3,623.45","3,627.12","3,604.50","-0.30%"
"Jul 09, 2020","3,620.74","3,641.10","3,646.34","3,617.41","-0.48%"
"Jul 08, 2020","3,638.25","3,626.10","3,642.78","3,615.50","0.34%"
"Jul 07, 2020","3,626.00","3,636.95","3,651.93","3,623.89","-0.30%"
"Jul 06, 2020","3,637.00","3,650.05","3,650.78","3,612.61","-0.36%"
"Jul 03, 2020","3,650.05","3,645.99","3,656.68","3,636.05","0.12%"
"Jul 02, 2020","3,645.50","3,715.00","3,717.25","3,643.77","-1.86%"
"Jul 01, 2020","3,714.50","3,758.00","3,760.13","3,712.99","-1.08%"
"Jun 30, 2020","3,755.16","3,751.00","3,782.03","3,730.65","0.07%"
"Jun 29, 2020","3,752.66","3,751.00","3,765.48","3,743.11","0.04%"
"Jun 26, 2020","3,751.00","3,732.00","3,771.00","3,726.93","0.52%"
"Jun 25, 2020","3,731.50","3,729.00","3,743.34","3,726.37","0.08%"
"Jun 24, 2020","3,728.50","3,701.50","3,731.03","3,701.22","0.77%"
"Jun 23, 2020","3,700.00","3,727.00","3,732.97","3,694.99","-0.74%"
"Jun 22, 2020","3,727.50","3,748.00","3,752.03","3,724.30","-0.55%"
"Jun 19, 2020","3,748.00","3,751.20","3,754.95","3,707.99","-0.20%"
"Jun 18, 2020","3,755.37","3,750.50","3,779.58","3,743.30","0.20%"
"Jun 17, 2020","3,747.79","3,747.10","3,763.25","3,722.77","0.02%"
"Jun 16, 2020","3,747.00","3,778.50","3,778.88","3,720.63","-0.86%"
"Jun 15, 2020","3,779.43","3,778.50","3,790.00","3,772.57","0.02%"
"Jun 12, 2020","3,778.50","3,773.00","3,782.33","3,736.96","0.23%"
"Jun 11, 2020","3,769.89","3,673.50","3,775.51","3,668.50","2.67%"
"Jun 10, 2020","3,672.00","3,657.50","3,691.50","3,643.00","0.49%"
"Jun 09, 2020","3,654.16","3,609.99","3,666.24","3,603.82","1.26%"
"Jun 08, 2020","3,608.61","3,573.20","3,613.26","3,564.00","0.99%"
"Jun 05, 2020","3,573.20","3,588.50","3,592.37","3,542.06","-0.25%"
"Jun 04, 2020","3,582.00","3,607.00","3,625.17","3,582.00","-0.69%"
"Jun 03, 2020","3,607.00","3,636.44","3,647.75","3,562.29","-0.75%"
"Jun 02, 2020","3,634.15","3,719.90","3,725.25","3,617.49","-2.23%"
"Jun 01, 2020","3,716.90","3,730.00","3,734.00","3,702.84","-0.35%"
"May 29, 2020","3,730.00","3,700.00","3,737.60","3,694.25","0.90%"
"May 28, 2020","3,696.67","3,734.90","3,741.01","3,691.24","-1.02%"
"May 27, 2020","3,734.90","3,730.75","3,755.39","3,726.58","0.15%"
"May 26, 2020","3,729.27","3,776.03","3,781.31","3,704.71","-1.30%"
"May 25, 2020","3,778.46","3,775.03","3,782.22","3,772.01","0.09%"
"May 22, 2020","3,775.03","3,770.80","3,799.57","3,760.50","0.19%"
"May 21, 2020","3,767.88","3,815.00","3,816.23","3,756.92","-1.20%"
"May 20, 2020","3,813.54","3,836.00","3,836.00","3,791.65","-0.59%"
"May 19, 2020","3,836.00","3,853.00","3,855.25","3,808.90","-0.43%"
"May 18, 2020","3,852.50","3,913.00","3,914.75","3,830.10","-1.50%"
"May 15, 2020","3,911.28","3,942.00","3,943.79","3,909.82","-0.73%"
"May 14, 2020","3,940.06","3,913.00","3,958.30","3,905.93","0.77%"
"May 13, 2020","3,910.01","3,885.00","3,915.14","3,872.28","0.75%"
"May 12, 2020","3,881.01","3,898.00","3,900.33","3,871.02","-0.34%"
"May 11, 2020","3,894.42","3,893.00","3,917.86","3,888.97","0.04%"
"May 08, 2020","3,893.00","3,922.50","3,925.18","3,870.39","-0.71%"
"May 07, 2020","3,920.90","3,963.25","3,964.42","3,914.88","-1.04%"
"May 06, 2020","3,962.25","3,932.50","3,969.70","3,926.07","0.82%"
"May 05, 2020","3,929.99","3,986.51","3,989.25","3,911.78","-1.39%"
"May 04, 2020","3,985.31","3,959.00","4,010.64","3,958.72","0.66%"
"May 01, 2020","3,959.00","3,954.50","3,965.39","3,952.82","-0.03%"
"Apr 30, 2020","3,960.05","3,921.50","3,967.46","3,915.30","0.98%"
"Apr 29, 2020","3,921.50","4,039.00","4,041.93","3,914.65","-2.82%"
"Apr 28, 2020","4,035.25","4,060.20","4,063.00","4,024.69","-0.54%"
"Apr 27, 2020","4,057.36","4,043.00","4,064.74","4,021.85","0.36%"
"Apr 24, 2020","4,043.00","4,024.30","4,047.10","4,017.57","0.58%"
"Apr 23, 2020","4,019.75","4,031.00","4,039.33","3,998.98","-0.26%"
"Apr 22, 2020","4,030.21","4,049.00","4,056.44","4,012.00","-0.38%"
"Apr 21, 2020","4,045.42","3,976.60","4,058.59","3,973.82","1.78%"
"Apr 20, 2020","3,974.79","3,936.25","3,998.51","3,936.03","0.98%"
"Apr 17, 2020","3,936.25","3,977.80","4,004.49","3,934.33","-0.98%"
"Apr 16, 2020","3,975.40","3,918.85","3,983.18","3,896.92","1.50%"
"Apr 15, 2020","3,916.48","3,850.00","3,935.09","3,844.19","1.70%"
"Apr 14, 2020","3,851.00","3,874.00","3,878.75","3,844.30","-0.45%"
"Apr 13, 2020","3,868.34","3,827.00","3,883.00","3,825.91","1.08%"
"Apr 10, 2020","3,827.00","3,828.00","3,828.08","3,827.00","-0.09%"
"Apr 09, 2020","3,830.44","3,899.00","3,901.18","3,830.44","-1.76%"
"Apr 08, 2020","3,899.00","3,906.00","3,919.27","3,867.14","-0.18%"
"Apr 07, 2020","3,906.00","3,981.00","3,984.46","3,884.43","-1.89%"
"Apr 06, 2020","3,981.36","4,029.00","4,035.66","3,955.56","-1.18%"
"Apr 03, 2020","4,029.00","4,039.60","4,047.34","3,981.19","-0.25%"
"Apr 02, 2020","4,039.00","4,087.00","4,114.73","4,017.13","-1.17%"
"Apr 01, 2020","4,087.00","4,059.00","4,123.18","4,054.41","0.67%"
"Mar 31, 2020","4,060.00","4,063.29","4,075.00","4,019.13","-0.07%"
"Mar 30, 2020","4,063.00","4,025.00","4,099.29","4,025.00","0.94%"
"Mar 27, 2020","4,025.00","3,981.00","4,067.52","3,981.00","1.11%"
"Mar 26, 2020","3,981.00","4,064.00","4,069.98","3,961.51","-2.09%"
"Mar 25, 2020","4,066.00","4,111.88","4,121.46","4,062.77","-1.12%"
"Mar 24, 2020","4,111.88","4,178.00","4,185.15","4,093.54","-1.63%"
"Mar 23, 2020","4,180.00","4,118.00","4,204.90","4,111.26","1.51%"
"Mar 20, 2020","4,118.00","4,089.00","4,156.19","4,034.01","0.70%"
"Mar 19, 2020","4,089.22","4,158.00","4,220.38","4,083.05","-1.65%"
"Mar 18, 2020","4,158.00","3,998.75","4,165.70","3,998.75","3.99%"
"Mar 17, 2020","3,998.50","4,079.50","4,079.50","3,996.02","-2.00%"
"Mar 16, 2020","4,080.00","4,023.00","4,169.95","4,000.38","1.22%"
"Mar 13, 2020","4,031.00","4,034.88","4,034.88","3,900.00","0.07%"
"Mar 12, 2020","4,028.00","3,889.25","4,068.13","3,885.44","3.51%"
"Mar 11, 2020","3,891.50","3,766.06","3,905.20","3,766.06","3.36%"
"Mar 10, 2020","3,765.00","3,807.51","3,833.99","3,752.52","-1.26%"
"Mar 09, 2020","3,813.01","3,591.75","3,842.55","3,591.50","6.23%"
"Mar 06, 2020","3,589.25","3,542.00","3,600.90","3,542.00","1.48%"
"Mar 05, 2020","3,537.00","3,477.00","3,544.95","3,475.90","1.75%"
"Mar 04, 2020","3,476.00","3,458.00","3,484.60","3,425.00","0.37%"
"Mar 03, 2020","3,463.22","3,462.00","3,487.90","3,413.00","0.04%"
"Mar 02, 2020","3,462.00","3,525.00","3,548.40","3,458.80","-1.84%"
"Feb 28, 2020","3,527.00","3,502.50","3,550.53","3,502.50","0.71%"
"Feb 27, 2020","3,502.00","3,458.50","3,521.81","3,458.50","1.27%"
"Feb 26, 2020","3,458.00","3,437.50","3,464.59","3,430.60","0.63%"
"Feb 25, 2020","3,436.50","3,430.20","3,439.55","3,410.05","0.18%"
"Feb 24, 2020","3,430.20","3,380.00","3,442.00","3,380.00","1.46%"
"Feb 21, 2020","3,381.00","3,404.40","3,424.80","3,369.00","-0.69%"
"Feb 20, 2020","3,404.40","3,385.50","3,416.74","3,385.50","0.56%"
"Feb 19, 2020","3,385.50","3,404.40","3,411.50","3,385.50","-0.54%"
"Feb 18, 2020","3,403.90","3,397.72","3,420.14","3,391.00","0.20%"
"Feb 17, 2020","3,397.22","3,390.50","3,400.03","3,387.30","0.17%"
"Feb 14, 2020","3,391.50","3,377.05","3,393.90","3,366.50","0.44%"
"Feb 13, 2020","3,376.50","3,388.50","3,409.00","3,373.51","-0.34%"
"Feb 12, 2020","3,388.00","3,420.35","3,420.35","3,379.50","-0.95%"
"Feb 11, 2020","3,420.35","3,456.50","3,456.50","3,417.70","-1.05%"
"Feb 10, 2020","3,456.50","3,416.00","3,457.00","3,416.00","1.19%"
"Feb 07, 2020","3,416.00","3,380.45","3,420.00","3,380.45","1.07%"
"Feb 06, 2020","3,379.77","3,364.80","3,393.25","3,362.36","0.44%"
"Feb 05, 2020","3,364.80","3,362.10","3,370.50","3,339.00","0.08%"
"Feb 04, 2020","3,362.10","3,395.50","3,397.49","3,360.00","-0.98%"
"Feb 03, 2020","3,395.50","3,419.00","3,421.50","3,394.35","-0.72%"
"Jan 31, 2020","3,420.00","3,412.50","3,430.45","3,410.50","0.28%"
"Jan 30, 2020","3,410.50","3,387.30","3,419.00","3,387.30","0.68%"
"Jan 29, 2020","3,387.50","3,387.00","3,403.50","3,378.65","-0.16%"
"Jan 28, 2020","3,393.00","3,400.90","3,402.40","3,384.55","-0.23%"
"Jan 27, 2020","3,400.90","3,365.00","3,406.00","3,365.00","1.07%"
"Jan 24, 2020","3,365.00","3,361.32","3,380.77","3,349.00","0.15%"
"Jan 23, 2020","3,360.00","3,330.50","3,371.60","3,324.39","0.86%"
"Jan 22, 2020","3,331.50","3,356.10","3,356.22","3,326.70","-0.73%"
"Jan 21, 2020","3,356.10","3,332.50","3,357.89","3,332.50","0.71%"
"Jan 20, 2020","3,332.50","3,333.25","3,333.25","3,332.50","0.00%"
"Jan 17, 2020","3,332.50","3,325.75","3,334.00","3,307.69","0.29%"
"Jan 16, 2020","3,322.85","3,299.65","3,328.45","3,293.00","0.78%"
"Jan 15, 2020","3,297.00","3,287.10","3,308.00","3,282.50","0.26%"
"Jan 14, 2020","3,288.60","3,269.25","3,290.99","3,256.05","0.55%"
"Jan 13, 2020","3,270.75","3,272.20","3,301.30","3,268.25","-0.04%"
"Jan 10, 2020","3,272.20","3,256.90","3,291.50","3,251.00","0.51%"
"Jan 09, 2020","3,255.50","3,245.50","3,265.61","3,241.25","0.26%"
"Jan 08, 2020","3,247.00","3,277.25","3,280.50","3,241.00","-0.48%"
"Jan 07, 2020","3,262.50","3,245.71","3,266.15","3,245.71","0.50%"
"Jan 06, 2020","3,246.21","3,252.00","3,256.32","3,242.81","-0.24%"
"Jan 03, 2020","3,254.00","3,253.00","3,282.25","3,247.20","0.00%"
"Jan 02, 2020","3,254.00","3,290.23","3,291.73","3,251.25","-1.01%"
"Jan 01, 2020","3,287.23","3,287.23","3,287.23","3,287.23","0.00%"
"Dec 31, 2019","3,287.23","3,284.76","3,287.23","3,280.00","0.08%"
"Dec 30, 2019","3,284.76","3,299.38","3,300.24","3,263.85","-0.47%"
"Dec 27, 2019","3,300.25","3,289.25","3,300.25","3,283.00","0.33%"
"Dec 26, 2019","3,289.25","3,298.00","3,298.00","3,270.00","-0.32%"
"Dec 25, 2019","3,299.84","3,296.50","3,300.44","3,296.50","0.06%"
"Dec 24, 2019","3,298.00","3,311.51","3,314.51","3,297.00","-0.42%"
"Dec 23, 2019","3,312.00","3,331.00","3,334.00","3,309.00","-0.62%"
"Dec 20, 2019","3,332.50","3,314.50","3,336.23","3,311.05","0.50%"
"Dec 19, 2019","3,316.00","3,328.00","3,333.82","3,313.00","-0.29%"
"Dec 18, 2019","3,325.50","3,339.70","3,351.90","3,316.10","-0.50%"
"Dec 17, 2019","3,342.09","3,351.10","3,356.05","3,335.00","-0.36%"
"Dec 16, 2019","3,354.00","3,386.00","3,390.50","3,352.82","-0.95%"
"Dec 13, 2019","3,386.00","3,374.50","3,389.48","3,362.00","0.42%"
"Dec 12, 2019","3,372.00","3,377.00","3,380.42","3,359.20","-0.13%"
"Dec 11, 2019","3,376.24","3,405.50","3,408.00","3,375.89","-0.89%"
"Dec 10, 2019","3,406.50","3,416.80","3,429.74","3,403.77","-0.28%"
"Dec 09, 2019","3,416.00","3,423.50","3,429.93","3,406.50","-0.25%"
"Dec 06, 2019","3,424.50","3,458.90","3,462.40","3,408.50","-1.14%"
"Dec 05, 2019","3,464.00","3,469.50","3,472.70","3,449.45","-0.20%"
"Dec 04, 2019","3,471.00","3,503.90","3,507.39","3,466.45","-0.93%"
"Dec 03, 2019","3,503.50","3,508.20","3,524.10","3,493.05","-0.01%"
"Dec 02, 2019","3,504.00","3,516.50","3,526.70","3,484.30","-0.40%"
"Nov 29, 2019","3,518.00","3,511.11","3,549.20","3,503.50","0.14%"
"Nov 28, 2019","3,513.00","3,505.00","3,521.09","3,505.00","0.21%"
"Nov 27, 2019","3,505.50","3,475.50","3,523.46","3,470.50","0.83%"
"Nov 26, 2019","3,476.50","3,434.75","3,477.44","3,434.75","1.17%"
"Nov 25, 2019","3,436.25","3,426.75","3,454.00","3,412.50","0.30%"
"Nov 22, 2019","3,426.00","3,420.15","3,432.49","3,395.30","0.15%"
"Nov 21, 2019","3,420.90","3,445.90","3,457.99","3,418.51","-0.64%"
"Nov 20, 2019","3,443.10","3,439.10","3,460.28","3,433.70","0.09%"
"Nov 19, 2019","3,440.10","3,442.50","3,445.50","3,421.00","-0.07%"
"Nov 18, 2019","3,442.50","3,426.95","3,461.26","3,423.97","0.45%"
"Nov 15, 2019","3,426.95","3,454.00","3,454.00","3,414.35","-0.78%"
"Nov 14, 2019","3,454.00","3,428.25","3,460.25","3,428.25","0.75%"
"Nov 13, 2019","3,428.25","3,409.95","3,454.85","3,409.95","0.54%"
"Nov 12, 2019","3,409.95","3,337.50","3,412.00","3,337.50","2.12%"
"Nov 11, 2019","3,339.00","3,341.00","3,341.27","3,339.00","0.00%"
"Nov 08, 2019","3,339.00","3,319.00","3,349.34","3,319.00","0.60%"
"Nov 07, 2019","3,319.00","3,338.15","3,341.15","3,316.50","-0.59%"
"Nov 06, 2019","3,338.65","3,311.00","3,343.38","3,295.06","0.85%"
"Nov 05, 2019","3,310.50","3,323.50","3,329.45","3,310.00","-0.36%"
"Nov 04, 2019","3,322.50","3,321.00","3,331.06","3,316.14","0.03%"
"Nov 01, 2019","3,321.50","3,380.00","3,382.29","3,321.50","-1.73%"
"Oct 31, 2019","3,380.00","3,390.40","3,393.34","3,373.50","-0.31%"
"Oct 30, 2019","3,390.40","3,376.05","3,395.22","3,376.00","0.43%"
"Oct 29, 2019","3,376.00","3,383.20","3,388.85","3,374.55","-0.19%"
"Oct 28, 2019","3,382.50","3,396.50","3,400.68","3,378.26","-0.40%"
"Oct 25, 2019","3,396.00","3,405.00","3,407.50","3,385.55","-0.30%"
"Oct 24, 2019","3,406.05","3,391.50","3,406.91","3,368.50","0.37%"
"Oct 23, 2019","3,393.36","3,431.00","3,437.62","3,392.00","-1.10%"
"Oct 22, 2019","3,431.00","3,449.00","3,451.00","3,421.20","-0.52%"
"Oct 21, 2019","3,449.00","3,426.50","3,449.00","3,423.64","0.66%"
"Oct 18, 2019","3,426.50","3,450.50","3,452.50","3,418.40","-0.71%"
"Oct 17, 2019","3,451.00","3,459.00","3,475.95","3,450.00","-0.23%"
"Oct 16, 2019","3,459.00","3,452.50","3,466.20","3,445.50","0.19%"
"Oct 15, 2019","3,452.50","3,428.20","3,460.10","3,426.50","0.68%"
"Oct 14, 2019","3,429.20","3,429.20","3,432.20","3,429.20","0.00%"
"Oct 11, 2019","3,429.20","3,460.99","3,463.48","3,423.00","-0.89%"
"Oct 10, 2019","3,459.99","3,466.80","3,472.50","3,450.00","-0.19%"
"Oct 09, 2019","3,466.50","3,451.25","3,466.97","3,437.45","0.43%"
"Oct 08, 2019","3,451.50","3,451.25","3,464.76","3,441.35","0.01%"
"Oct 07, 2019","3,451.00","3,434.50","3,454.14","3,434.50","0.48%"
"Oct 04, 2019","3,434.50","3,448.50","3,453.85","3,420.50","-0.36%"
"Oct 03, 2019","3,447.00","3,495.75","3,498.53","3,447.00","-1.40%"
"Oct 02, 2019","3,496.00","3,496.75","3,504.00","3,486.50","0.01%"
"Oct 01, 2019","3,495.50","3,479.25","3,499.20","3,478.05","0.45%"
"Sep 30, 2019","3,480.00","3,459.80","3,491.10","3,458.80","0.58%"
"Sep 27, 2019","3,459.80","3,447.00","3,475.72","3,445.00","0.37%"
"Sep 26, 2019","3,447.00","3,432.00","3,452.48","3,418.00","0.44%"
"Sep 25, 2019","3,432.00","3,436.00","3,462.50","3,432.00","-0.11%"
"Sep 24, 2019","3,435.75","3,439.25","3,443.25","3,430.30","-0.12%"
"Sep 23, 2019","3,439.75","3,417.40","3,444.67","3,417.40","0.64%"
"Sep 20, 2019","3,417.90","3,384.50","3,422.40","3,384.50","0.99%"
"Sep 19, 2019","3,384.50","3,372.31","3,387.49","3,367.00","0.27%"
"Sep 18, 2019","3,375.50","3,384.60","3,388.45","3,368.65","-0.28%"
"Sep 17, 2019","3,385.10","3,365.48","3,388.39","3,365.48","0.61%"
"Sep 16, 2019","3,364.50","3,363.95","3,375.19","3,347.47","0.02%"
"Sep 13, 2019","3,363.95","3,365.50","3,370.53","3,346.50","-0.05%"
"Sep 12, 2019","3,365.50","3,376.60","3,378.59","3,351.50","-0.31%"
"Sep 11, 2019","3,376.10","3,361.53","3,383.45","3,356.38","0.40%"
"Sep 10, 2019","3,362.53","3,371.70","3,390.67","3,358.02","-0.28%"
"Sep 09, 2019","3,371.95","3,354.50","3,377.28","3,347.76","0.51%"
"Sep 06, 2019","3,354.75","3,378.00","3,382.16","3,353.22","-0.69%"
"Sep 05, 2019","3,378.00","3,396.70","3,398.70","3,369.20","-0.52%"
"Sep 04, 2019","3,395.70","3,443.23","3,445.23","3,386.65","-1.38%"
"Sep 03, 2019","3,443.23","3,440.15","3,454.47","3,421.30","0.02%"
"Sep 02, 2019","3,442.65","3,444.65","3,453.38","3,442.23","0.00%"
"Aug 30, 2019","3,442.65","3,439.08","3,448.27","3,410.50","0.11%"
"Aug 29, 2019","3,439.00","3,476.05","3,495.59","3,439.00","-1.09%"
"Aug 28, 2019","3,477.00","3,471.23","3,492.72","3,468.19","0.20%"
"Aug 27, 2019","3,469.98","3,433.75","3,480.50","3,425.00","1.04%"
"Aug 26, 2019","3,434.25","3,424.49","3,434.25","3,412.60","0.29%"
"Aug 23, 2019","3,424.49","3,391.23","3,424.96","3,389.00","1.00%"
"Aug 22, 2019","3,390.48","3,386.88","3,390.50","3,363.98","0.09%"
"Aug 21, 2019","3,387.38","3,408.23","3,413.25","3,375.24","-0.61%"
"Aug 20, 2019","3,408.23","3,436.38","3,456.63","3,406.83","-0.80%"
"Aug 19, 2019","3,435.88","3,435.88","3,446.07","3,429.97","0.00%"
"Aug 16, 2019","3,435.88","3,471.30","3,473.80","3,427.39","-1.03%"
"Aug 15, 2019","3,471.80","3,458.68","3,473.74","3,433.95","0.38%"
"Aug 14, 2019","3,458.68","3,412.80","3,463.25","3,412.80","1.36%"
"Aug 13, 2019","3,412.30","3,427.03","3,449.08","3,374.50","-0.43%"
"Aug 12, 2019","3,427.03","3,395.50","3,462.28","3,395.50","0.93%"
"Aug 09, 2019","3,395.50","3,368.83","3,399.85","3,356.44","0.79%"
"Aug 08, 2019","3,368.83","3,447.50","3,449.50","3,367.45","-2.28%"
"Aug 07, 2019","3,447.59","3,427.00","3,451.74","3,427.00","0.57%"
"Aug 06, 2019","3,428.00","3,456.45","3,458.95","3,412.53","-0.82%"
"Aug 05, 2019","3,456.50","3,385.75","3,482.04","3,385.75","2.13%"
"Aug 02, 2019","3,384.50","3,340.95","3,387.32","3,336.30","1.30%"
"Aug 01, 2019","3,340.95","3,280.68","3,343.85","3,280.68","1.83%"
"Jul 31, 2019","3,280.93","3,302.00","3,302.00","3,278.40","-0.58%"
"Jul 30, 2019","3,300.01","3,286.91","3,306.66","3,279.66","0.50%"
"Jul 29, 2019","3,283.62","3,241.61","3,287.91","3,231.30","1.37%"
"Jul 26, 2019","3,239.30","3,217.40","3,242.80","3,210.00","0.68%"
"Jul 25, 2019","3,217.40","3,199.78","3,224.45","3,194.05","0.55%"
"Jul 24, 2019","3,199.78","3,189.33","3,208.88","3,178.31","0.34%"
"Jul 23, 2019","3,189.00","3,178.00","3,192.75","3,178.00","0.33%"
"Jul 22, 2019","3,178.50","3,173.58","3,182.00","3,168.50","0.12%"
"Jul 19, 2019","3,174.58","3,178.25","3,180.81","3,164.50","-0.03%"
"Jul 18, 2019","3,175.50","3,186.50","3,193.12","3,175.50","-0.28%"
"Jul 17, 2019","3,184.41","3,202.61","3,203.11","3,184.41","-0.52%"
"Jul 16, 2019","3,200.95","3,190.40","3,205.50","3,188.08","0.34%"
"Jul 15, 2019","3,190.06","3,194.98","3,198.26","3,180.72","-0.08%"
"Jul 12, 2019","3,192.75","3,198.85","3,200.85","3,186.38","-0.21%"
"Jul 11, 2019","3,199.35","3,207.25","3,208.00","3,190.55","-0.18%"
"Jul 10, 2019","3,205.06","3,219.91","3,220.24","3,205.06","-0.38%"
"Jul 09, 2019","3,217.22","3,219.00","3,232.21","3,216.00","-0.01%"
"Jul 08, 2019","3,217.43","3,210.89","3,220.18","3,198.76","0.16%"
"Jul 05, 2019","3,212.18","3,194.25","3,230.32","3,194.25","0.56%"
"Jul 04, 2019","3,194.25","3,199.00","3,201.74","3,190.06","-0.10%"
"Jul 03, 2019","3,197.48","3,210.95","3,217.30","3,190.11","-0.39%"
"Jul 02, 2019","3,209.86","3,205.68","3,224.98","3,195.99","0.12%"
"Jul 01, 2019","3,206.05","3,215.61","3,215.61","3,201.78","-0.21%"
"Jun 28, 2019","3,212.75","3,197.90","3,215.07","3,191.51","0.47%"
"Jun 27, 2019","3,197.65","3,185.08","3,204.98","3,182.05","0.37%"
"Jun 26, 2019","3,185.73","3,192.85","3,198.13","3,172.06","-0.12%"
"Jun 25, 2019","3,189.53","3,189.93","3,198.93","3,178.93","-0.22%"
"Jun 24, 2019","3,196.50","3,207.00","3,207.00","3,192.75","-0.22%"
"Jun 21, 2019","3,203.50","3,192.98","3,204.80","3,180.53","0.39%"
"Jun 20, 2019","3,191.00","3,241.00","3,242.50","3,190.98","-1.54%"
"Jun 19, 2019","3,241.00","3,255.60","3,263.00","3,238.53","-0.43%"
"Jun 18, 2019","3,255.10","3,286.23","3,287.97","3,252.53","-0.90%"
"Jun 17, 2019","3,284.75","3,271.97","3,293.47","3,263.72","0.35%"
"Jun 14, 2019","3,273.25","3,271.00","3,281.80","3,265.00","0.14%"
"Jun 13, 2019","3,268.81","3,267.63","3,272.59","3,260.18","0.02%"
"Jun 12, 2019","3,268.13","3,260.05","3,276.65","3,256.10","0.30%"
"Jun 11, 2019","3,258.43","3,261.32","3,262.19","3,240.28","-0.03%"
"Jun 10, 2019","3,259.31","3,269.92","3,271.17","3,251.48","-0.29%"
"Jun 07, 2019","3,268.75","3,290.98","3,290.98","3,265.50","-0.69%"
"Jun 06, 2019","3,291.48","3,306.50","3,308.50","3,283.47","-0.44%"
"Jun 05, 2019","3,306.00","3,292.83","3,308.30","3,284.13","0.42%"
"Jun 04, 2019","3,292.33","3,374.00","3,374.49","3,288.10","-2.49%"
"Jun 03, 2019","3,376.24","3,378.86","3,383.22","3,370.35","-0.11%"
"May 31, 2019","3,380.00","3,367.98","3,397.83","3,367.00","0.45%"
"May 30, 2019","3,364.98","3,352.30","3,366.95","3,347.65","0.36%"
"May 29, 2019","3,352.80","3,377.10","3,394.63","3,352.80","-0.70%"
"May 28, 2019","3,376.60","3,359.43","3,382.50","3,346.32","0.52%"
"May 27, 2019","3,359.18","3,359.18","3,359.18","3,359.05","0.00%"
"May 24, 2019","3,359.18","3,377.38","3,377.38","3,350.25","-0.56%"
"May 23, 2019","3,378.13","3,336.03","3,385.45","3,332.83","1.26%"
"May 22, 2019","3,336.03","3,341.55","3,352.23","3,323.76","-0.15%"
"May 21, 2019","3,341.05","3,352.03","3,364.09","3,330.00","-0.36%"
"May 20, 2019","3,353.03","3,323.03","3,364.48","3,311.15","0.95%"
"May 17, 2019","3,321.53","3,299.00","3,322.00","3,295.70","0.67%"
"May 16, 2019","3,299.50","3,284.75","3,303.25","3,279.94","0.45%"
"May 15, 2019","3,284.75","3,290.60","3,314.35","3,282.00","-0.19%"
"May 14, 2019","3,291.10","3,305.48","3,306.73","3,274.65","-0.41%"
"May 13, 2019","3,304.73","3,273.85","3,308.93","3,270.82","0.95%"
"May 10, 2019","3,273.60","3,275.90","3,288.00","3,260.63","-0.10%"
"May 09, 2019","3,276.90","3,293.93","3,318.83","3,273.10","-0.50%"
"May 08, 2019","3,293.50","3,300.65","3,309.85","3,277.78","-0.23%"
"May 07, 2019","3,301.15","3,255.75","3,302.85","3,251.94","1.41%"
"May 06, 2019","3,255.25","3,237.20","3,263.35","3,237.20","0.54%"
"May 03, 2019","3,237.70","3,258.50","3,258.50","3,236.93","-0.61%"
"May 02, 2019","3,257.50","3,228.75","3,268.25","3,228.75","0.78%"
"May 01, 2019","3,232.25","3,236.25","3,236.77","3,227.25","-0.03%"
"Apr 30, 2019","3,233.25","3,250.03","3,254.24","3,225.01","-0.52%"
"Apr 29, 2019","3,250.20","3,228.30","3,251.15","3,226.25","0.65%"
"Apr 26, 2019","3,229.05","3,235.85","3,238.35","3,215.25","-0.16%"
"Apr 25, 2019","3,234.35","3,220.03","3,246.50","3,216.51","0.38%"
"Apr 24, 2019","3,222.03","3,180.93","3,233.00","3,177.86","1.31%"
"Apr 23, 2019","3,180.43","3,156.38","3,189.95","3,150.50","0.76%"
"Apr 22, 2019","3,156.38","3,148.75","3,158.00","3,140.20","0.16%"
"Apr 19, 2019","3,151.25","3,151.25","3,159.33","3,151.00","0.00%"
"Apr 18, 2019","3,151.25","3,160.50","3,165.53","3,151.25","-0.21%"
"Apr 17, 2019","3,158.00","3,163.48","3,171.40","3,147.30","-0.17%"
"Apr 16, 2019","3,163.48","3,140.43","3,172.50","3,132.50","0.75%"
"Apr 15, 2019","3,139.93","3,115.03","3,147.35","3,109.50","0.78%"
"Apr 12, 2019","3,115.53","3,120.55","3,121.50","3,098.00","-0.16%"
"Apr 11, 2019","3,120.55","3,096.18","3,125.80","3,096.18","0.81%"
"Apr 10, 2019","3,095.43","3,103.20","3,103.20","3,092.62","-0.24%"
"Apr 09, 2019","3,102.95","3,114.75","3,118.10","3,099.13","-0.39%"
"Apr 08, 2019","3,115.25","3,124.48","3,124.48","3,112.31","-0.30%"
"Apr 05, 2019","3,124.48","3,129.93","3,131.28","3,120.70","-0.17%"
"Apr 04, 2019","3,129.68","3,123.33","3,138.88","3,123.33","0.20%"
"Apr 03, 2019","3,123.50","3,146.55","3,146.55","3,121.08","-0.72%"
"Apr 02, 2019","3,146.05","3,142.65","3,152.83","3,131.15","0.11%"
"Apr 01, 2019","3,142.65","3,188.03","3,188.74","3,138.01","-1.42%"
"Mar 29, 2019","3,188.03","3,175.45","3,189.90","3,157.59","0.40%"
"Mar 28, 2019","3,175.45","3,175.80","3,207.00","3,174.34","-0.04%"
"Mar 27, 2019","3,176.80","3,156.90","3,200.35","3,153.75","0.66%"
"Mar 26, 2019","3,155.90","3,128.63","3,160.15","3,126.85","0.77%"
"Mar 25, 2019","3,131.63","3,134.30","3,139.51","3,128.63","-0.01%"
"Mar 22, 2019","3,131.80","3,089.00","3,142.36","3,086.96","1.39%"
"Mar 21, 2019","3,089.00","3,089.00","3,091.18","3,073.00","0.03%"
"Mar 20, 2019","3,088.00","3,097.80","3,103.95","3,081.63","-0.32%"
"Mar 19, 2019","3,097.80","3,100.00","3,101.50","3,089.45","-0.07%"
"Mar 18, 2019","3,100.00","3,121.50","3,121.50","3,092.20","-0.69%"
"Mar 15, 2019","3,121.50","3,142.00","3,144.00","3,111.03","-0.65%"
"Mar 14, 2019","3,142.00","3,145.55","3,158.50","3,135.14","-0.11%"
"Mar 13, 2019","3,145.55","3,148.50","3,154.94","3,131.50","-0.09%"
"Mar 12, 2019","3,148.50","3,178.70","3,179.70","3,142.92","-0.95%"
"Mar 11, 2019","3,178.70","3,172.80","3,182.50","3,150.80","0.15%"
"Mar 08, 2019","3,173.80","3,142.50","3,176.00","3,142.50","0.98%"
"Mar 07, 2019","3,143.00","3,107.45","3,147.90","3,103.81","1.19%"
"Mar 06, 2019","3,105.95","3,098.35","3,109.40","3,096.50","0.20%"
"Mar 05, 2019","3,099.85","3,096.95","3,105.17","3,093.86","0.14%"
"Mar 04, 2019","3,095.45","3,096.15","3,099.80","3,087.00","-0.02%"
"Mar 01, 2019","3,096.15","3,081.75","3,099.05","3,078.67","0.48%"
"Feb 28, 2019","3,081.50","3,070.25","3,084.50","3,066.00","0.36%"
"Feb 27, 2019","3,070.50","3,081.00","3,084.00","3,065.15","-0.41%"
"Feb 26, 2019","3,083.00","3,105.00","3,112.74","3,082.40","-0.71%"
"Feb 25, 2019","3,105.00","3,110.00","3,118.94","3,088.30","-0.11%"
"Feb 22, 2019","3,108.50","3,124.40","3,125.00","3,105.89","-0.49%"
"Feb 21, 2019","3,123.90","3,110.90","3,127.60","3,107.70","0.42%"
"Feb 20, 2019","3,110.90","3,115.75","3,120.75","3,106.86","-0.16%"
"Feb 19, 2019","3,115.75","3,133.00","3,133.00","3,111.70","-0.58%"
"Feb 18, 2019","3,134.00","3,134.00","3,138.62","3,125.40","0.00%"
"Feb 15, 2019","3,134.00","3,151.60","3,155.70","3,133.00","-0.54%"
"Feb 14, 2019","3,151.10","3,141.00","3,164.45","3,137.85","0.32%"
"Feb 13, 2019","3,141.00","3,126.50","3,144.15","3,125.22","0.47%"
"Feb 12, 2019","3,126.25","3,138.63","3,143.50","3,120.10","-0.40%"
"Feb 11, 2019","3,138.88","3,115.55","3,143.45","3,110.50","0.73%"
"Feb 08, 2019","3,116.05","3,117.70","3,125.02","3,103.10","-0.05%"
"Feb 07, 2019","3,117.70","3,106.50","3,119.20","3,101.75","0.38%"
"Feb 06, 2019","3,106.00","3,108.99","3,119.30","3,099.15","-0.13%"
"Feb 05, 2019","3,109.99","3,088.60","3,110.99","3,081.00","0.73%"
"Feb 04, 2019","3,087.60","3,089.90","3,101.90","3,082.55","-0.07%"
"Feb 01, 2019","3,089.90","3,105.25","3,116.98","3,089.40","-0.49%"
"Jan 31, 2019","3,105.00","3,163.45","3,163.45","3,102.49","-1.84%"
"Jan 30, 2019","3,163.20","3,154.10","3,168.50","3,147.50","0.29%"
"Jan 29, 2019","3,154.10","3,158.00","3,166.00","3,147.00","-0.12%"
"Jan 28, 2019","3,158.00","3,151.99","3,175.01","3,151.99","0.19%"
"Jan 25, 2019","3,151.99","3,171.00","3,171.00","3,137.18","-0.60%"
"Jan 24, 2019","3,171.00","3,152.65","3,173.53","3,149.65","0.61%"
"Jan 23, 2019","3,151.90","3,144.49","3,154.20","3,137.12","0.19%"
"Jan 22, 2019","3,145.99","3,126.50","3,146.00","3,123.38","0.62%"
"Jan 21, 2019","3,126.50","3,124.00","3,131.00","3,124.00","0.08%"
"Jan 18, 2019","3,124.00","3,132.55","3,134.30","3,110.06","-0.27%"
"Jan 17, 2019","3,132.55","3,117.85","3,150.25","3,117.85","0.48%"
"Jan 16, 2019","3,117.60","3,141.28","3,142.78","3,113.00","-0.75%"
"Jan 15, 2019","3,141.28","3,139.60","3,151.80","3,127.10","0.05%"
"Jan 14, 2019","3,139.60","3,138.15","3,158.78","3,132.40","0.01%"
"Jan 11, 2019","3,139.15","3,138.40","3,164.70","3,136.17","0.05%"
"Jan 10, 2019","3,137.65","3,136.00","3,147.80","3,118.01","0.05%"
"Jan 09, 2019","3,136.00","3,151.20","3,151.20","3,117.01","-0.48%"
"Jan 08, 2019","3,151.20","3,181.25","3,184.19","3,147.00","-0.97%"
"Jan 07, 2019","3,181.99","3,193.65","3,194.65","3,181.99","-0.35%"
"Jan 04, 2019","3,193.15","3,244.50","3,245.50","3,189.96","-1.58%"
"Jan 03, 2019","3,244.50","3,239.00","3,260.25","3,225.27","0.17%"
"Jan 02, 2019","3,239.00","3,246.50","3,265.49","3,235.08","-0.26%"
"Jan 01, 2019","3,247.50","3,247.50","3,248.50","3,247.50","0.00%"
"Dec 31, 2018","3,247.50","3,247.50","3,247.50","3,247.50","0.00%"
"Dec 28, 2018","3,247.50","3,274.50","3,282.50","3,239.50","-0.85%"
"Dec 27, 2018","3,275.50","3,285.00","3,285.00","3,265.50","-0.29%"
"Dec 26, 2018","3,285.00","3,294.00","3,303.50","3,281.00","-0.30%"
"Dec 25, 2018","3,295.00","3,295.00","3,295.00","3,295.00","0.00%"
"Dec 24, 2018","3,295.00","3,295.50","3,297.00","3,280.55","0.03%"
"Dec 21, 2018","3,294.00","3,270.00","3,297.30","3,263.40","0.73%"
"Dec 20, 2018","3,270.00","3,219.27","3,270.00","3,218.50","1.59%"
"Dec 19, 2018","3,218.77","3,205.06","3,221.75","3,202.97","0.39%"
"Dec 18, 2018","3,206.18","3,180.88","3,209.30","3,177.70","0.82%"
"Dec 17, 2018","3,180.00","3,195.10","3,197.00","3,174.93","-0.47%"
"Dec 14, 2018","3,195.10","3,179.75","3,205.00","3,177.82","0.48%"
"Dec 13, 2018","3,179.75","3,169.50","3,182.03","3,168.75","0.32%"
"Dec 12, 2018","3,169.50","3,186.25","3,186.75","3,161.50","-0.52%"
"Dec 11, 2018","3,186.00","3,191.30","3,192.55","3,175.65","-0.17%"
"Dec 10, 2018","3,191.30","3,146.60","3,192.78","3,141.15","1.36%"
"Dec 07, 2018","3,148.50","3,187.65","3,189.15","3,140.05","-1.19%"
"Dec 06, 2018","3,186.50","3,161.50","3,195.31","3,157.82","0.84%"
"Dec 05, 2018","3,159.86","3,178.22","3,184.52","3,154.77","-0.51%"
"Dec 04, 2018","3,176.20","3,189.00","3,189.08","3,164.15","-0.40%"
"Dec 03, 2018","3,189.00","3,234.50","3,235.50","3,186.81","-1.39%"
"Nov 30, 2018","3,234.00","3,237.95","3,251.00","3,227.00","-0.15%"
"Nov 29, 2018","3,238.95","3,268.50","3,270.53","3,230.55","-0.98%"
"Nov 28, 2018","3,271.00","3,266.90","3,296.39","3,258.50","0.23%"
"Nov 27, 2018","3,263.40","3,244.00","3,266.01","3,229.10","0.57%"
"Nov 26, 2018","3,244.75","3,228.00","3,248.73","3,221.60","0.52%"
"Nov 23, 2018","3,228.00","3,189.50","3,238.60","3,189.50","1.16%"
"Nov 22, 2018","3,191.00","3,194.03","3,196.16","3,191.00","-0.06%"
"Nov 21, 2018","3,192.91","3,198.72","3,204.72","3,189.45","-0.15%"
"Nov 20, 2018","3,197.60","3,175.20","3,200.00","3,174.50","0.68%"
"Nov 19, 2018","3,175.95","3,168.35","3,184.99","3,166.89","0.24%"
"Nov 16, 2018","3,168.35","3,190.00","3,192.50","3,164.39","-0.68%"
"Nov 15, 2018","3,190.00","3,204.20","3,210.35","3,185.00","-0.44%"
"Nov 14, 2018","3,204.20","3,188.31","3,205.20","3,184.15","0.50%"
"Nov 13, 2018","3,188.31","3,176.50","3,206.25","3,176.35","0.32%"
"Nov 12, 2018","3,178.00","3,182.25","3,182.75","3,175.00","-0.06%"
"Nov 09, 2018","3,180.00","3,152.58","3,185.30","3,150.30","0.86%"
"Nov 08, 2018","3,152.95","3,129.01","3,160.01","3,127.88","0.77%"
"Nov 07, 2018","3,129.01","3,148.51","3,150.28","3,127.53","-0.59%"
"Nov 06, 2018","3,147.50","3,181.63","3,185.77","3,144.90","-1.08%"
"Nov 05, 2018","3,182.00","3,187.13","3,187.50","3,181.75","-0.13%"
"Nov 02, 2018","3,186.26","3,193.47","3,196.72","3,167.05","-0.25%"
"Nov 01, 2018","3,194.10","3,218.88","3,221.76","3,182.05","-0.79%"
"Oct 31, 2018","3,219.51","3,208.38","3,230.47","3,207.24","0.39%"
"Oct 30, 2018","3,207.00","3,188.00","3,217.00","3,183.56","0.63%"
"Oct 29, 2018","3,187.00","3,179.00","3,203.00","3,175.00","0.19%"
"Oct 26, 2018","3,181.00","3,171.50","3,199.50","3,166.08","0.32%"
"Oct 25, 2018","3,171.00","3,165.00","3,182.00","3,151.00","0.16%"
"Oct 24, 2018","3,166.00","3,119.00","3,170.00","3,110.00","1.44%"
"Oct 23, 2018","3,121.00","3,086.30","3,123.80","3,084.22","1.12%"
"Oct 22, 2018","3,086.30","3,079.05","3,097.05","3,076.50","0.24%"
"Oct 19, 2018","3,079.05","3,093.00","3,095.00","3,072.52","-0.42%"
"Oct 18, 2018","3,092.00","3,067.11","3,096.00","3,064.84","0.81%"
"Oct 17, 2018","3,067.11","3,051.25","3,069.50","3,045.51","0.50%"
"Oct 16, 2018","3,052.00","3,091.75","3,096.00","3,049.87","-1.38%"
"Oct 15, 2018","3,094.57","3,097.36","3,097.95","3,088.36","-0.08%"
"Oct 12, 2018","3,097.00","3,091.40","3,106.80","3,071.00","0.21%"
"Oct 11, 2018","3,090.65","3,095.00","3,099.75","3,078.38","-0.11%"
"Oct 10, 2018","3,094.00","3,059.42","3,099.00","3,058.00","1.10%"
"Oct 09, 2018","3,060.39","3,043.68","3,063.80","3,036.36","0.46%"
"Oct 08, 2018","3,046.38","3,032.75","3,049.28","3,030.50","0.45%"
"Oct 05, 2018","3,032.75","3,035.15","3,044.70","3,021.49","-0.07%"
"Oct 04, 2018","3,034.78","3,016.72","3,040.72","3,015.72","0.62%"
"Oct 03, 2018","3,016.00","3,016.30","3,018.80","3,004.55","-0.08%"
"Oct 02, 2018","3,018.30","3,000.00","3,022.00","2,992.00","0.61%"
"Oct 01, 2018","3,000.00","2,962.80","3,006.00","2,962.80","1.26%"
"Sep 28, 2018","2,962.80","2,986.80","2,988.55","2,960.11","-0.79%"
"Sep 27, 2018","2,986.53","2,998.03","3,000.47","2,979.28","-0.44%"
"Sep 26, 2018","2,999.80","3,001.25","3,012.25","2,994.45","-0.08%"
"Sep 25, 2018","3,002.20","2,999.69","3,010.20","2,990.85","-0.01%"
"Sep 24, 2018","3,002.49","2,997.00","3,002.49","2,982.81","0.12%"
"Sep 21, 2018","2,999.00","3,006.00","3,016.00","2,998.00","-0.22%"
"Sep 20, 2018","3,005.50","3,027.95","3,030.70","3,002.19","-0.82%"
"Sep 19, 2018","3,030.45","3,015.40","3,041.00","3,002.86","0.53%"
"Sep 18, 2018","3,014.40","3,018.58","3,020.20","2,995.88","-0.16%"
"Sep 17, 2018","3,019.20","3,022.88","3,024.62","3,007.88","-0.11%"
"Sep 14, 2018","3,022.50","3,017.25","3,035.05","3,015.03","0.20%"
"Sep 13, 2018","3,016.36","3,044.30","3,045.09","3,009.74","-0.96%"
"Sep 12, 2018","3,045.75","3,081.70","3,083.20","3,042.28","-1.17%"
"Sep 11, 2018","3,081.90","3,088.80","3,107.90","3,075.00","-0.21%"
"Sep 10, 2018","3,088.30","3,058.00","3,090.75","3,044.65","0.96%"
"Sep 07, 2018","3,059.00","3,085.38","3,094.55","3,051.10","-0.88%"
"Sep 06, 2018","3,086.01","3,097.32","3,106.43","3,077.32","-0.35%"
"Sep 05, 2018","3,097.00","3,091.25","3,114.16","3,083.61","0.19%"
"Sep 04, 2018","3,091.25","3,051.06","3,100.12","3,043.71","1.24%"
"Sep 03, 2018","3,053.50","3,051.50","3,059.00","3,050.65","0.07%"
"Aug 31, 2018","3,051.50","3,034.50","3,082.40","3,033.88","0.63%"
"Aug 30, 2018","3,032.25","2,999.25","3,038.45","2,997.00","1.06%"
"Aug 29, 2018","3,000.50","2,989.75","3,018.15","2,985.30","0.39%"
"Aug 28, 2018","2,988.75","2,940.75","2,991.90","2,930.25","1.59%"
"Aug 27, 2018","2,942.00","2,957.50","2,958.50","2,925.35","-0.52%"
"Aug 24, 2018","2,957.50","2,988.20","2,989.40","2,946.20","-0.99%"
"Aug 23, 2018","2,987.20","2,960.10","2,990.50","2,957.79","0.92%"
"Aug 22, 2018","2,960.00","2,978.20","2,980.15","2,956.60","-0.64%"
"Aug 21, 2018","2,979.00","3,033.20","3,033.80","2,976.73","-1.77%"
"Aug 20, 2018","3,032.68","3,034.62","3,036.62","3,025.27","-0.03%"
"Aug 17, 2018","3,033.50","3,021.65","3,033.50","3,010.15","0.39%"
"Aug 16, 2018","3,021.65","3,050.00","3,052.00","3,007.70","-0.91%"
"Aug 15, 2018","3,049.50","3,014.11","3,064.05","3,014.11","1.19%"
"Aug 14, 2018","3,013.74","3,002.97","3,013.95","2,984.82","0.31%"
"Aug 13, 2018","3,004.35","2,945.50","3,016.40","2,944.21","2.05%"
"Aug 10, 2018","2,944.00","2,912.80","2,950.90","2,911.52","1.08%"
"Aug 09, 2018","2,912.50","2,911.35","2,925.25","2,911.00","0.07%"
"Aug 08, 2018","2,910.35","2,892.25","2,917.40","2,892.25","0.50%"
"Aug 07, 2018","2,896.00","2,904.30","2,906.75","2,895.00","-0.17%"
"Aug 06, 2018","2,900.80","2,892.60","2,905.75","2,890.06","0.28%"
"Aug 03, 2018","2,892.60","2,905.15","2,907.25","2,890.19","-0.44%"
"Aug 02, 2018","2,905.50","2,896.60","2,914.25","2,896.10","0.31%"
"Aug 01, 2018","2,896.50","2,890.10","2,901.95","2,884.40","0.21%"
"Jul 31, 2018","2,890.50","2,872.50","2,892.60","2,872.40","0.63%"
"Jul 30, 2018","2,872.50","2,887.50","2,888.50","2,870.26","-0.50%"
"Jul 27, 2018","2,887.00","2,883.90","2,890.50","2,873.60","0.12%"
"Jul 26, 2018","2,883.68","2,883.97","2,892.68","2,879.76","-0.03%"
"Jul 25, 2018","2,884.50","2,894.00","2,895.50","2,873.42","-0.36%"
"Jul 24, 2018","2,895.00","2,908.70","2,914.49","2,889.04","-0.45%"
"Jul 23, 2018","2,908.20","2,868.50","2,909.30","2,868.50","1.30%"
"Jul 20, 2018","2,871.00","2,884.35","2,885.38","2,871.00","-0.40%"
"Jul 19, 2018","2,882.43","2,863.74","2,891.28","2,862.16","0.60%"
"Jul 18, 2018","2,865.17","2,870.50","2,890.10","2,862.25","-0.17%"
"Jul 17, 2018","2,870.00","2,875.50","2,889.00","2,868.28","-0.19%"
"Jul 16, 2018","2,875.50","2,857.95","2,877.95","2,850.75","0.57%"
"Jul 13, 2018","2,859.20","2,876.35","2,881.50","2,855.05","-0.54%"
"Jul 12, 2018","2,874.80","2,894.75","2,896.50","2,869.74","-0.73%"
"Jul 11, 2018","2,895.90","2,871.80","2,898.40","2,864.90","0.87%"
"Jul 10, 2018","2,870.97","2,884.43","2,885.93","2,862.97","-0.43%"
"Jul 09, 2018","2,883.50","2,875.53","2,892.93","2,867.58","0.33%"
"Jul 06, 2018","2,873.95","2,877.40","2,878.90","2,858.50","-0.10%"
"Jul 05, 2018","2,876.90","2,905.30","2,909.80","2,872.54","-1.11%"
"Jul 04, 2018","2,909.30","2,912.80","2,913.80","2,905.50","0.04%"
"Jul 03, 2018","2,908.15","2,930.40","2,931.70","2,896.51","-0.78%"
"Jul 02, 2018","2,931.05","2,931.05","2,942.28","2,929.08","0.00%"
"Jun 29, 2018","2,931.05","2,948.30","2,951.30","2,917.85","-0.63%"
"Jun 28, 2018","2,949.68","2,948.97","2,957.57","2,934.03","0.11%"
"Jun 27, 2018","2,946.50","2,931.15","2,948.20","2,917.05","0.55%"
"Jun 26, 2018","2,930.50","2,916.80","2,933.75","2,902.00","0.42%"
"Jun 25, 2018","2,918.30","2,916.50","2,943.10","2,906.63","0.06%"
"Jun 22, 2018","2,916.50","2,952.00","2,955.50","2,909.20","-1.25%"
"Jun 21, 2018","2,953.50","2,926.50","2,962.95","2,915.29","0.97%"
"Jun 20, 2018","2,925.00","2,931.50","2,931.50","2,899.10","0.06%"
"Jun 19, 2018","2,923.25","2,922.55","2,950.80","2,919.33","-0.03%"
"Jun 18, 2018","2,924.05","2,895.50","2,932.95","2,883.72","0.99%"
"Jun 15, 2018","2,895.50","2,863.85","2,901.00","2,861.61","1.12%"
"Jun 14, 2018","2,863.35","2,859.75","2,867.95","2,848.76","0.17%"
"Jun 13, 2018","2,858.50","2,862.14","2,868.40","2,845.10","-0.11%"
"Jun 12, 2018","2,861.62","2,863.12","2,868.36","2,845.88","-0.22%"
"Jun 11, 2018","2,868.00","2,860.80","2,868.25","2,858.30","0.33%"
"Jun 08, 2018","2,858.55","2,850.75","2,866.50","2,839.00","0.37%"
"Jun 07, 2018","2,848.11","2,828.45","2,855.76","2,823.07","0.64%"
"Jun 06, 2018","2,829.95","2,852.05","2,854.10","2,818.05","-0.82%"
"Jun 05, 2018","2,853.28","2,861.03","2,889.66","2,848.72","-0.32%"
"Jun 04, 2018","2,862.39","2,868.91","2,876.18","2,859.39","-0.23%"
"Jun 01, 2018","2,868.91","2,893.51","2,895.64","2,858.30","-0.74%"
"May 31, 2018","2,890.35","2,876.65","2,897.33","2,874.27","0.45%"
"May 30, 2018","2,877.50","2,905.40","2,907.50","2,870.15","-0.99%"
"May 29, 2018","2,906.15","2,875.00","2,911.00","2,866.60","0.94%"
"May 28, 2018","2,879.00","2,880.45","2,883.95","2,869.00","0.03%"
"May 25, 2018","2,878.00","2,854.13","2,900.70","2,852.29","0.88%"
"May 24, 2018","2,853.00","2,874.25","2,877.95","2,849.13","-0.78%"
"May 23, 2018","2,875.50","2,853.80","2,881.95","2,849.00","0.80%"
"May 22, 2018","2,852.80","2,876.00","2,876.50","2,842.76","-0.81%"
"May 21, 2018","2,876.00","2,919.60","2,923.00","2,872.58","-1.57%"
"May 18, 2018","2,922.01","2,905.43","2,945.80","2,903.84","0.59%"
"May 17, 2018","2,904.90","2,863.00","2,906.46","2,858.10","1.44%"
"May 16, 2018","2,863.72","2,873.97","2,889.43","2,852.07","-0.47%"
"May 15, 2018","2,877.30","2,837.37","2,906.10","2,835.71","1.41%"
"May 14, 2018","2,837.17","2,837.17","2,839.67","2,834.34","0.00%"
"May 11, 2018","2,837.17","2,826.21","2,850.55","2,799.14","0.39%"
"May 10, 2018","2,826.07","2,862.86","2,865.23","2,813.21","-1.35%"
"May 09, 2018","2,864.72","2,873.20","2,875.32","2,841.20","-0.29%"
"May 08, 2018","2,872.95","2,814.53","2,883.03","2,814.53","1.76%"
"May 07, 2018","2,823.20","2,822.55","2,834.80","2,808.65","0.04%"
"May 04, 2018","2,822.00","2,860.16","2,883.55","2,815.00","-1.34%"
"May 03, 2018","2,860.31","2,832.83","2,875.36","2,831.81","0.96%"
"May 02, 2018","2,833.00","2,800.89","2,842.70","2,798.29","0.98%"
"May 01, 2018","2,805.47","2,803.53","2,822.89","2,803.53","-0.11%"
"Apr 30, 2018","2,808.60","2,808.81","2,824.80","2,801.60","0.07%"
"Apr 27, 2018","2,806.70","2,817.45","2,819.44","2,794.72","-0.37%"
"Apr 26, 2018","2,817.01","2,812.76","2,824.80","2,794.17","0.10%"
"Apr 25, 2018","2,814.25","2,782.31","2,831.80","2,781.20","1.10%"
"Apr 24, 2018","2,783.60","2,815.71","2,817.51","2,773.58","-1.14%"
"Apr 23, 2018","2,815.74","2,762.68","2,818.55","2,759.92","2.02%"
"Apr 20, 2018","2,759.86","2,734.51","2,766.84","2,721.89","0.98%"
"Apr 19, 2018","2,733.00","2,710.62","2,738.00","2,700.72","0.78%"
"Apr 18, 2018","2,711.90","2,724.20","2,726.45","2,695.95","-0.51%"
"Apr 17, 2018","2,725.70","2,726.80","2,735.75","2,718.80","-0.10%"
"Apr 16, 2018","2,728.50","2,713.00","2,738.24","2,699.68","0.57%"
"Apr 13, 2018","2,713.00","2,707.70","2,719.60","2,684.76","0.20%"
"Apr 12, 2018","2,707.70","2,721.53","2,722.95","2,704.28","-0.52%"
"Apr 11, 2018","2,721.80","2,770.74","2,772.60","2,715.79","-1.82%"
"Apr 10, 2018","2,772.30","2,776.47","2,777.49","2,761.49","-0.17%"
"Apr 09, 2018","2,777.00","2,793.20","2,800.10","2,774.16","-0.57%"
"Apr 06, 2018","2,793.00","2,789.61","2,799.30","2,781.44","0.08%"
"Apr 05, 2018","2,790.75","2,792.01","2,793.85","2,774.73","-0.08%"
"Apr 04, 2018","2,793.00","2,778.88","2,799.44","2,777.46","0.44%"
"Apr 03, 2018","2,780.85","2,809.55","2,810.55","2,773.95","-0.97%"
"Apr 02, 2018","2,808.00","2,794.05","2,808.00","2,780.00","0.56%"
"Mar 30, 2018","2,792.50","2,795.05","2,795.05","2,792.32","0.07%"
"Mar 29, 2018","2,790.50","2,793.81","2,796.34","2,790.50","-0.09%"
"Mar 28, 2018","2,793.05","2,785.33","2,800.72","2,770.01","0.33%"
"Mar 27, 2018","2,783.75","2,797.25","2,802.55","2,767.27","-0.72%"
"Mar 26, 2018","2,803.80","2,845.60","2,846.80","2,796.60","-1.41%"
"Mar 23, 2018","2,844.00","2,860.00","2,861.30","2,840.16","-0.56%"
"Mar 22, 2018","2,860.00","2,854.25","2,867.90","2,843.20","0.25%"
"Mar 21, 2018","2,852.88","2,869.86","2,872.38","2,845.43","-0.62%"
"Mar 20, 2018","2,870.75","2,857.75","2,872.95","2,850.25","0.38%"
"Mar 19, 2018","2,860.00","2,858.50","2,864.23","2,855.00","0.12%"
"Mar 16, 2018","2,856.50","2,845.00","2,860.00","2,842.24","0.28%"
"Mar 15, 2018","2,848.45","2,844.15","2,866.15","2,840.05","0.19%"
"Mar 14, 2018","2,843.00","2,851.98","2,860.50","2,839.05","-0.38%"
"Mar 13, 2018","2,853.98","2,846.00","2,857.00","2,835.00","0.28%"
"Mar 12, 2018","2,846.00","2,866.80","2,869.90","2,844.60","-0.74%"
"Mar 09, 2018","2,867.30","2,876.50","2,885.30","2,859.74","-0.30%"
"Mar 08, 2018","2,876.00","2,860.00","2,880.92","2,853.40","0.33%"
"Mar 07, 2018","2,866.50","2,853.00","2,868.99","2,850.50","0.44%"
"Mar 06, 2018","2,854.00","2,855.50","2,860.00","2,831.00","-0.02%"
"Mar 05, 2018","2,854.47","2,868.82","2,876.12","2,846.82","-0.44%"
"Mar 02, 2018","2,867.00","2,883.00","2,905.00","2,859.50","-0.57%"
"Mar 01, 2018","2,883.50","2,867.00","2,893.38","2,854.80","0.58%"
"Feb 28, 2018","2,866.75","2,859.25","2,874.85","2,855.61","0.32%"
"Feb 27, 2018","2,857.50","2,841.50","2,866.50","2,838.66","0.62%"
"Feb 26, 2018","2,840.00","2,845.00","2,860.99","2,838.40","-0.18%"
"Feb 23, 2018","2,845.00","2,859.00","2,869.82","2,842.17","-0.50%"
"Feb 22, 2018","2,859.25","2,877.80","2,897.80","2,857.25","-0.77%"
"Feb 21, 2018","2,881.30","2,864.25","2,892.55","2,863.75","0.66%"
"Feb 20, 2018","2,862.50","2,836.25","2,872.00","2,836.25","0.94%"
"Feb 19, 2018","2,835.75","2,836.50","2,838.00","2,835.75","-0.01%"
"Feb 16, 2018","2,836.00","2,856.20","2,872.35","2,832.00","-0.67%"
"Feb 15, 2018","2,855.00","2,868.80","2,869.80","2,830.50","-0.51%"
"Feb 14, 2018","2,869.50","2,904.70","2,925.50","2,866.50","-1.18%"
"Feb 13, 2018","2,903.89","2,891.49","2,919.59","2,884.59","0.48%"
"Feb 12, 2018","2,889.90","2,936.00","2,937.51","2,888.50","-1.74%"
"Feb 09, 2018","2,940.99","2,887.59","2,949.47","2,881.47","1.87%"
"Feb 08, 2018","2,887.00","2,850.40","2,889.50","2,841.01","1.28%"
"Feb 07, 2018","2,850.40","2,829.75","2,850.50","2,816.75","0.73%"
"Feb 06, 2018","2,829.75","2,841.50","2,872.00","2,825.00","-0.41%"
"Feb 05, 2018","2,841.50","2,840.00","2,855.93","2,832.60","-0.02%"
"Feb 02, 2018","2,842.00","2,796.80","2,859.34","2,794.31","1.69%"
"Feb 01, 2018","2,794.80","2,830.40","2,830.40","2,792.65","-1.25%"
"Jan 31, 2018","2,830.20","2,852.15","2,852.15","2,826.25","-0.77%"
"Jan 30, 2018","2,852.15","2,836.73","2,852.15","2,819.80","0.54%"
"Jan 29, 2018","2,836.73","2,809.30","2,854.00","2,805.80","0.81%"
"Jan 26, 2018","2,814.00","2,790.30","2,820.20","2,779.82","0.84%"
"Jan 25, 2018","2,790.50","2,811.85","2,812.85","2,757.79","-0.77%"
"Jan 24, 2018","2,812.15","2,855.50","2,856.00","2,810.50","-1.51%"
"Jan 23, 2018","2,855.16","2,853.41","2,869.95","2,847.86","0.13%"
"Jan 22, 2018","2,851.45","2,844.10","2,861.40","2,837.00","0.19%"
"Jan 19, 2018","2,846.10","2,846.00","2,860.50","2,845.35","0.05%"
"Jan 18, 2018","2,844.75","2,839.70","2,846.00","2,828.25","0.05%"
"Jan 17, 2018","2,843.45","2,868.00","2,876.80","2,840.00","-0.72%"
"Jan 16, 2018","2,864.00","2,860.55","2,875.25","2,847.00","0.12%"
"Jan 15, 2018","2,860.55","2,856.00","2,860.55","2,856.00","0.05%"
"Jan 12, 2018","2,859.01","2,856.23","2,867.82","2,837.02","0.08%"
"Jan 11, 2018","2,856.70","2,885.09","2,892.15","2,856.70","-1.11%"
"Jan 10, 2018","2,888.84","2,910.64","2,912.74","2,888.49","-0.69%"
"Jan 09, 2018","2,908.90","2,907.30","2,920.00","2,899.21","-0.08%"
"Jan 08, 2018","2,911.30","2,910.30","2,913.30","2,909.10","0.17%"